Grantee,state_level,z_avg_employment,z_avg_payroll,z_rev_programs_per_staff,z_rev_disasters_per_staff,z_Ratio_disbursed_to_obligated,z_Ratio_expended_to_disbursed,z_Ratio_obligated_funds_fully_expended,z_Ratio_Program_Completed,z_rev_Duration_of_completion,z_rev_Average_Duration_Program_Completion,z_E_TOTPOP,z_SPL_THEME1,z_SPL_THEME2,z_SPL_THEME3,z_SPL_THEME4
AK,1,1.441248670360386,3.1101165426461304,0.434221371587095,1.1518323197875198,-0.928616292332495,1.0265588007392041,-0.4223311779376701,-1.6946805390816864,0.46544931595183187,0.8814242014866592,0.05952254722184043,-1.1407222520249791,-0.9000450235482071,0.5233637210248809,0.56062838700119
AL,1,-0.22829272424289598,-0.17284387376191454,0.43422134040333216,1.151832287972831,0.37140472982426487,0.021682244728635162,0.3706706716727124,-0.1781487343205498,0.06896434879403175,0.10033694117910771,1.600363805879286,0.09285102768282563,-0.11673631093293267,0.299176405191121,-0.1467197843146202
AR,1,-0.04538091504051688,-0.01214136820921629,0.4342213685305694,1.1518323223666267,0.6937620911310415,-0.6613419811814666,-0.1685969926523062,0.44024287538787477,-2.8311259463947676,-1.9967233604040686,0.8950395892978557,0.015132521535162704,0.3273896291223578,0.08054012379535314,0.1162646469967062
"Acadia Parish, LA",0,-0.3298102988639643,-0.346386498165212,-0.419261541698023,-1.5238429539843306,-0.0635316525579822,0.036332766347721056,0.6706575083262398,0.18033915536549355,-0.08464850315285632,-0.8460886860183857,-0.18900042890887972,1.1110988231628818,1.235341479750152,0.042201018146268525,0.6235286968530581
"Adams County, CO",0,-0.3298102988639643,-0.346386498165212,0.21157365742408432,0.2599405691294903,0.7743270578320662,0.21793059106977847,0.6706575083262392,0.44024287538787477,1.1985787704012887,1.0474112958644,-0.032011234286539035,-0.23538978029488694,-0.10266806765777808,1.3135612362703666,-0.09397808085857666
"Adams County, IL",0,-0.3298102988639643,-0.346386498165212,0.1744657045345486,-0.63195119242742,0.2290184317663979,0.019671532975783123,0.6706575083262392,0.44024287538787477,0.8325154997117515,0.30741656478388824,-0.1870974659195621,-1.390299700812718,-0.2367695947869637,-1.2630511173660535,-0.4784970202429062
"Adams County, IN",0,-0.3298102988639643,-0.346386498165212,0.28578956320315574,0.2599405691294903,0.8537534764433484,0.068289037426443,0.6706575083262385,0.44024287538787477,0.09938604526229433,0.385445410191146,-0.21188266228681427,0.17449856837822916,-0.7969132150024386,-0.6941313937748839,0.6191699170196328
"Adams County, MS",0,-0.3298102988639643,-0.346386498165212,0.32289751609269146,0.2599405691294903,0.7199692073132407,-0.0024241198797390062,0.6706575083262392,0.44024287538787477,0.6489824078317915,-0.14438824171754916,-0.21188266228681427,1.6230708430844047,0.939701561320522,1.149455076466063,1.3492368629354836
"Alachua County, FL",0,-0.3298102988639643,-0.346386498165212,0.32289751609269146,0.2599405691294903,-0.8559501563135471,0.036332766347721056,-0.8207904011755351,0.44024287538787477,0.7412504103069627,1.0687612079628026,-0.21188266228681427,-0.24628534481642397,-3.0419192118470484,0.6064758564275528,1.3075130165036686
"Allegany County, MD",0,-0.3298102988639643,-0.346386498165212,0.3600054689822272,0.2599405691294903,1.1345279669810246,0.036332766347721056,0.6706575083262392,0.44024287538787477,1.1975758573309063,0.9366289741982433,-0.18498162615464886,0.03815462112060074,-0.7226949560223191,-0.7777393293528018,0.3964420027681527
"Allen County, IN",0,-0.3298102988639643,-0.346386498165212,0.32289751609269146,0.2599405691294903,1.180342151739026,-0.008547884384835086,0.6706575083262392,0.44024287538787477,-1.5504059555165788,0.6787694802986458,-0.21188266228681427,-0.6773075032836005,0.15239457833879766,0.4748051669227819,-0.49636228232333196
"Allen Parish, LA",0,-0.3298102988639643,-0.346386498165212,-0.19661382436080865,-2.415734715541241,0.2994375562656741,0.006218457947448229,0.6706575083262392,0.44024287538787477,-0.5419768632471823,0.06626422432002481,-0.21188266228681427,0.6224915147290435,0.27142895112674414,0.5132632427512306,1.28167577551737
"Amite County, MS",0,-0.3298102988639643,-0.346386498165212,0.3971134218717629,0.2599405691294903,-0.41597659400199727,0.03773951593851353,0.6706575083262392,0.44024287538787477,0.8325154997117515,0.15878051007976976,-0.21188266228681427,1.3769944187716587,0.8077965247218996,-0.17284142632744354,-0.904223634762986
"Anchorage County, AK",0,-0.3298102988639643,-0.346386498165212,0.13735775164501288,0.2599405691294903,-1.9416128070059373,0.011986679115094642,-2.394202998003236,0.44024287538787477,1.0150456785213289,1.1825087951981819,-0.21188266228681427,-1.525169659451345,-0.7404980897963673,0.9189034386695181,0.7552957582648713
"Anderson County, TX",0,-0.3298102988639643,-0.346386498165212,0.10024979875547714,-0.63195119242742,0.031755345060536684,0.031207735022211535,-0.4534109439239011,-0.22395552022487797,0.41981677124943734,-0.6050125952405888,-0.21188266228681427,0.4446567797230376,-1.3126646055475597,0.916305451970769,1.8610493791657408
"Angelina County, TX",0,-0.3298102988639643,-0.346386498165212,-0.3079376830294158,-0.63195119242742,-0.399745562936143,-0.0038540120468250863,0.36510845615154586,0.44024287538787477,0.007619499322314719,-1.7663410638332064,-0.17945839059653673,0.948561699770296,1.8406480280677548,1.041166267250032,1.4407425632543285
"Aransas County, TX",0,-0.3298102988639643,-0.346386498165212,-0.011074059913130024,-1.5238429539843306,-0.44816936030626425,0.02925231997645439,0.3408492392547098,-1.0542035147408182,-0.5881108644847676,-0.665167949421551,-0.20287682483375996,0.16922009562099438,0.052165247286207264,0.6810695654295089,0.7390076862557509
"Ascension Parish, LA",0,-0.3298102988639643,-0.346386498165212,-0.419261541698023,-1.5238429539843306,-0.6235332604008547,0.03596125983894829,-0.7535210447450509,0.44024287538787477,-1.365368494031045,-0.29315690457134663,-0.16806249079932004,-1.3112620408100488,0.07439989704297262,0.3107777339881384,-0.9585650017652467
"Ashley County, AR",0,-0.3298102988639643,-0.346386498165212,0.21157365742408432,0.2599405691294903,0.022230134490562554,-0.9007120012133257,0.6706575083262385,0.44024287538787477,-0.9085415904719107,-1.3580121338889766,-0.20416894024627338,0.7469041216788087,1.2847047143054644,0.3773019388500409,-0.5464308980415095
"Assumption Parish, LA",0,-0.3298102988639643,-0.346386498165212,-0.419261541698023,-1.5238429539843306,0.8565536472085045,0.03322851264527465,0.6706575083262398,0.44024287538787477,-2.098999405015693,-0.7281381571501088,-0.20345168535857291,0.5865978999798465,0.6409017793206053,0.34766127242340605,-0.19681087350770807
"Atlantic County, NJ",0,-0.3132065959052484,-0.3302442616239379,0.4342172284110477,1.1518307735338307,1.2627631903242866,0.03519131506685328,0.2246238006911276,0.44024287538787477,-2.5553248520396377,0.8771160942239457,-0.11056941493827413,0.02098464558574676,-0.041590216939455575,1.1819692736352534,1.1023636025014683
"Austin County, TX",0,-0.3298102988639643,-0.346386498165212,-0.2708297301398801,-2.415734715541241,-0.8291187460053245,0.02005782956855431,-0.28025349032359564,-0.818238295246814,0.0765697729110975,-0.8041479698073025,-0.20097609938135375,-0.6353785027025477,0.2508898379198889,0.9596052302832498,-0.7397944007835889
"Avoyelles Parish, LA",0,-0.3298102988639643,-0.346386498165212,-0.04818201280266575,-0.63195119242742,-0.6054737371766475,0.031425312129023664,-0.6603139132869946,-0.019586783113260564,-0.5419768632471823,-0.5994972012818347,-0.1966086759455707,1.3710187892351668,1.1872498976072716,0.09597147012340321,1.4377315640272905
"Bandera County, TX",0,-0.3298102988639643,-0.346386498165212,0.3971134218717629,0.2599405691294903,-0.9741360050428294,-0.026117084609941995,-1.277302025402696,-5.537542685126898,0.7402474972365803,1.5880859586941727,-0.21188266228681427,-0.5869958222220828,-0.32844417324682956,-0.009404444915243133,-0.9788964155935324
"Bartholomew County, IN",0,-0.3298102988639643,-0.346386498165212,-0.1223979185817372,0.2599405691294903,1.186129611517552,0.05809812787427191,0.6706575083262392,0.44024287538787477,-1.2736019480910656,0.5570275370886426,-0.21188266228681427,-1.4256555089036296,-0.38690164929710974,0.13860207004378267,-0.6802626446375771
"Bastrop County, TX",0,-0.3298102988639643,-0.346386498165212,-0.5676933532561659,-2.415734715541241,-0.6818990438543637,0.027648052891755676,0.030494947886399205,-0.6667544506333796,-0.42714331668840955,-1.3953636972772936,-0.18117035494894757,0.07651816274487988,-0.38285548253028107,1.2444784081445448,0.4839330374509472
"Bay County, FL",0,-0.24080273964934598,-0.3331939613617217,0.43422002032169543,1.151831438795085,-1.0430417958815659,0.02564967526420389,-2.156976479903485,-0.21485691206579882,0.8315125866413691,1.2462245969708252,-0.14589024031412404,-0.36392557162483213,0.0030717571820165156,0.17028963508155268,0.4897256264401068
"Beauregard Parish, LA",0,-0.3298102988639643,-0.346386498165212,0.0260338929764057,-1.5238429539843306,0.45786440790964816,0.036332766347721056,0.6706575083262392,0.44024287538787477,0.46444640288144967,-0.2315993978043583,-0.21188266228681427,-0.05630016308621792,0.4782844102156733,-0.3917414874144495,-0.07037758215522096
"Bee County, TX",0,-0.3298102988639643,-0.346386498165212,0.24868161031362004,-0.63195119242742,-1.0117703275783725,0.2596627584563294,-0.87769200205204,0.44024287538787477,0.2824176806070634,0.0022144880248164242,-0.19986578384288917,1.3670748737410827,-0.41429997854677947,1.3526491270560865,1.4640849763096522
"Benton County, AR",0,-0.2926829468825843,-0.3118645467194049,0.43422121804337754,1.1518315773415686,-0.3888594493036302,-0.5831197095127528,-1.4266217163876524,0.44024287538787477,-2.2805266707548886,-1.790039466262433,-0.11823111424562563,-1.4791772307854776,-0.7198433718247448,0.6650092840190617,-0.9880441180071058
"Benton County, IA",0,-0.3298102988639643,-0.346386498165212,0.1744657045345486,0.2599405691294903,-1.308064720606566,0.036332766347721056,-1.0505127713898237,0.44024287538787477,1.0150456785213289,0.8645476043041123,-0.21188266228681427,-2.3683309870503826,-1.2391785100776294,-1.6111419715635702,-2.753579360009821
"Benton County, IN",0,-0.3298102988639643,-0.346386498165212,0.28578956320315574,0.2599405691294903,1.2731158220865983,0.11034740451976627,0.6706575083262392,0.44024287538787477,-1.365869950566237,1.2301902655512813,-0.21188266228681427,-0.8330722465348281,0.9652887492555153,-0.931099271448643,-2.395385156724739
"Bergen County, NJ",0,1.1509993782642485,1.122982203813356,0.434221360709811,1.1518323255693053,0.1020061982578862,-0.04050042707776031,0.6706575083262406,0.44024287538787477,-0.3589452279024134,0.9575044438055704,0.13380218437621635,-1.7285800888735368,-2.1578125058341424,1.1683888886190663,-0.09681702298692642
"Bladen County, NC",0,0.2921326365143284,0.3019812260592297,0.4342213185979317,1.1518316557415393,-1.2904219828089813,-0.2602139884544313,-0.6197897009112037,0.44024287538787477,0.5572158618918117,0.4832991739754919,-0.19940267585603855,1.3138917708663025,1.2181549047215268,0.976452780390288,0.44625253283829824
"Blanco County, TX",0,-0.3298102988639643,-0.346386498165212,0.3971134218717629,0.2599405691294903,-1.473560951498995,0.036332766347721056,-1.6980612846881462,0.44024287538787477,1.1985787704012887,0.9387639654080839,-0.20776509713946759,-1.2265873702779553,-0.8478949162644824,0.49369961564095544,-1.6437823972897863
"Blount County, AL",0,-0.3298102988639643,-0.346386498165212,0.3971134218717629,0.2599405691294903,0.8917554135933683,0.030001181329234086,0.6706575083262392,0.44024287538787477,1.3821118622812483,1.069710092944954,-0.21188266228681427,0.21736375091999932,-0.06883440650277094,-0.07411793177498699,-1.3154114244439392
"Boone County, AR",0,-0.3298102988639643,-0.346386498165212,0.3600054689822272,0.2599405691294903,0.4864479621379584,-0.6297989772006849,0.6706575083262392,0.44024287538787477,1.016048591591711,0.6797183652807971,-0.21188266228681427,-0.21067059277893116,0.2910817611370563,-1.6020096546831197,-0.6721759609992458
"Boone County, MO",0,2.3411101297192873,1.6708284677627512,0.43422137412967393,1.1518323155052645,-1.699532880075367,0.036332766347721056,-2.1272500312781033,0.44024287538787477,0.8325154997117515,0.41924943768028367,-0.14728186396539034,-1.031124528139299,-2.7020026685118332,0.07739192888386669,0.2965055046136
"Bosque County, TX",0,-0.3298102988639643,-0.346386498165212,0.3600054689822272,-0.63195119242742,-0.3563578955631731,0.18210332130521775,0.6706575083262392,0.44024287538787477,0.6033498631293972,-0.29597261761620874,-0.2051062817507284,-0.21519215246154344,0.5638319361429125,0.44016534427279735,-0.6095185008937382
"Bossier Parish, LA",0,-0.3298102988639643,-0.346386498165212,0.32289751609269146,0.2599405691294903,-1.977896621377605,0.036332766347721056,-2.4227943580548765,0.44024287538787477,1.0150456785213289,1.198284008026446,-0.16573750348699673,-0.46019296345772026,0.0626852808799625,0.38426926681486734,0.4918189878074754
"Boulder County, CO",0,-0.3298102988639643,-0.346386498165212,-6.3936419569132745,-0.63195119242742,0.832777457102359,0.4802683647450503,0.6604172893054814,0.3427789803794827,-0.9998066798766994,0.5109164451687108,-0.21188266228681427,-1.6592229487199848,-3.273514090596017,0.40465952605656275,-0.05678507135887688
"Bradford County, PA",0,-0.3298102988639643,-0.346386498165212,0.21157365742408432,0.2599405691294903,0.3372966569825652,0.035293785057007296,0.6706575083262398,0.44024287538787477,0.46544931595183187,0.13719337673582913,-0.21188266228681427,-0.8375141311569541,-0.35229728971032576,-1.6181092995283968,-0.1792323732584284
"Bradley County, AR",0,-0.3298102988639643,-0.346386498165212,0.21157365742408432,0.2599405691294903,0.3562448426072529,-0.8776372673281653,0.6706575083262392,0.44024287538787477,-0.9998066798766994,-1.1618301638292095,-0.21188266228681427,1.0460839738058478,1.6833099432204934,1.0537625663954806,0.8488374675848567
"Brazoria County, TX",0,-0.3298102988639643,-0.346386498165212,-3.4250057257504163,-2.415734715541241,-0.786272484352272,0.06930367040556261,-0.748591199036012,0.037891924199379944,-0.47327731792599487,-1.7518678777175638,-0.21188266228681427,-1.1104410508536706,-0.5777265810050785,1.2328661948698336,0.5789659082928934
"Breathitt County, KY",0,-0.3298102988639643,-0.346386498165212,0.32289751609269146,0.2599405691294903,-1.4427789466009078,-0.497471364149794,-2.254783036017639,-3.5449474982886398,1.1985787704012887,1.327332365599014,-0.2068582109985285,1.3793249142908905,-0.352374359553504,-1.8966056009473078,1.2419879380866956
"Brevard County, FL",0,0.6914209471763088,0.4577862003019656,0.4342213727599709,1.1518323066353873,0.4806570292374141,0.036332766347721056,0.28395206114389426,0.44024287538787477,1.2898438598060773,1.2632826293038055,0.0014098600977540962,-0.7603687538408416,-0.5375346577879121,0.2832626930422984,-0.7953114912935488
"Brooks County, TX",0,-0.3298102988639643,-0.346386498165212,0.21157365742408432,0.2599405691294903,0.5148270565305115,-0.17171457862562714,0.6706575083262426,0.44024287538787477,-1.365869950566237,-3.1122632446410696,-0.20920352260446343,1.6129720291677334,1.8084328336194784,1.6097317199277352,1.1965361878499763
"Broome County, NY",0,-0.3298102988639643,-0.346386498165212,-3.387897772860881,-0.63195119242742,1.2519512254647491,0.007341185473563367,0.605758920703272,0.44024287538787477,-0.9531712221039225,-0.6734613902214321,-0.21188266228681427,-0.3482096659438579,-0.7039284492085506,-0.10411286911508774,0.8866040007468493
"Broward County, FL",0,-0.3298102988639643,-0.346386498165212,-0.04818201280266575,0.2599405691294903,-0.835244478850455,0.026349313989853188,-2.4354950365448853,-0.019586783113260564,1.1985787704012887,1.458278493135884,-0.21188266228681427,-0.21865801759270875,-0.7962195864138385,1.4557419628746215,0.19364403578135375
"Brown County, IN",0,-0.3298102988639643,-0.346386498165212,-0.08528996569220147,0.2599405691294903,1.1343271432360391,0.060149695369066544,0.6706575083262392,0.44024287538787477,0.8315125866413691,0.8918958250396853,-0.21188266228681427,-1.2426618137311196,-1.2877325112795759,-1.7672573540974785,-2.0991601851504136
"Bureau County, IL",0,-0.3298102988639643,-0.346386498165212,0.3600054689822272,0.2599405691294903,-0.365979159421947,-0.06358699518453981,0.6706575083262392,0.44024287538787477,0.46645222902221406,-0.03621535375230854,-0.1992823460932493,-1.0711811647989171,-0.013652398787542588,-0.37776746804996697,-1.6471948630804298
"Burleson County, TX",0,-0.3298102988639643,-0.346386498165212,-0.2708297301398801,-2.415734715541241,-0.37433653282237944,0.049681907184920666,-0.5541734373328304,0.1256225827292029,0.4193153147142463,-0.1880369508965062,-0.21188266228681427,-0.3834459614440397,0.16792415173910188,0.8197863097687663,-0.32938086804673056
"Butler County, MO",0,-0.3298102988639643,-0.346386498165212,0.28578956320315574,-0.63195119242742,-0.5148021051334187,-0.16197594998389478,0.6706575083262392,0.44024287538787477,0.9694131338189345,0.19258453756890775,-0.21188266228681427,1.088570699810306,1.0629362405616525,-1.1631073563338816,0.13715195504549554
"Butte County, CA",0,-0.3298102988639643,-0.346386498165212,-1.4582842226050232,-1.5238429539843306,-0.39799347061374785,0.04632062071803,-0.6369272193717398,-2.0211982377652666,0.6794041043000545,1.1246030891624028,-0.21188266228681427,0.3687264470793448,-0.5786514191232106,0.5953360043707967,1.3716903143142527
CA,1,0.4755342210380318,1.173487209880172,0.4342213739043701,1.1518323293284012,-1.2173959239070014,-0.03303066488021811,-1.3958309590852025,-2.384425026833391,0.1607308947340116,0.23914080985195596,14.158654829790107,-0.04950802011042134,-1.0213780989768326,1.4397118061778216,0.6960325200339011
CO,1,0.750848586726475,1.4822119565659277,0.43422134724394,1.1518323282813778,0.06604899063775506,-0.45691131843423394,-0.8911096118822995,0.42937417436875697,0.09988750179748576,0.8482627568219729,1.8038144600053878,-1.1490359928570977,-1.5375448715058664,0.6057035222771651,-0.38571117477686534
CT,1,1.467266907369676,1.7516367361374057,0.4342213688134237,1.1518323285038434,1.8533969356780235,0.0661251501130392,0.6505164322705835,0.44024287538787477,-1.1367043139838822,0.3895691981222973,1.1237920000487207,-1.1072625170855057,-1.1518786619506356,0.7415566531316227,0.23915380600085942
"Calcasieu Parish, LA",0,-0.3298102988639643,-0.346386498165212,-1.9777955630585233,-2.415734715541241,-0.0787322361366816,-0.0734086021055482,-0.34411686602098374,0.16434508028719397,-0.14398752648380828,-0.4457778341733349,-0.13760140913355784,-0.058989196377639476,0.4612134399518133,0.13466572656083028,0.6421682158775807
"Caldwell County, TX",0,-0.3298102988639643,-0.346386498165212,0.13735775164501288,-0.63195119242742,-1.3907897994976135,0.16857929197627688,-1.109686307185947,-1.8014267098051648,0.14501858996468908,0.0024991535194616487,-0.19656218490085667,0.4866056990692121,0.31516608713008504,1.3601281796736977,1.619165774593675
"Calhoun County, AR",0,-0.3298102988639643,-0.346386498165212,0.32289751609269146,0.2599405691294903,0.9678457368434359,-0.5397994742435942,0.6706575083262392,0.44024287538787477,-0.9085415904719107,-0.8811974303579824,-0.21188266228681427,0.11392560364332038,0.2812168212103116,-0.4976684905407094,-1.047432493237544
"Calhoun County, FL",0,-0.3298102988639643,-0.346386498165212,0.10024979875547714,-0.63195119242742,-1.421990666094604,-0.10344677923182206,-1.2776872763711742,-0.22395552022487797,0.7402474972365803,1.425897793119973,-0.21188266228681427,0.9615088970993622,0.08129764800737513,0.19402578628375786,1.3902438047894314
"Calhoun County, TX",0,-0.3298102988639643,-0.346386498165212,-0.38215358880848727,-1.5238429539843306,-0.3502585246225435,0.07752433831422474,-0.33339886065322677,-0.3749097010459577,-0.23658983331577396,-0.6357358678699131,-0.20393331517874544,-0.03185983828196481,1.4252415733399875,1.3398166473016608,0.025687631278854758
"Callahan County, TX",0,-0.3298102988639643,-0.346386498165212,0.3600054689822272,0.2599405691294903,-0.79923293477794,0.036332766347721056,0.5860473068819435,0.44024287538787477,0.007118042787123721,-0.752149072785414,-0.20677542213280775,-0.6127507855243638,0.16472575324722824,-0.4126041078740991,-1.9774011116456145
"Camden County, GA",0,-0.3298102988639643,-0.346386498165212,0.1744657045345486,-0.63195119242742,0.042704996954012336,-0.04297132983312711,0.30588603035263257,-1.2676958561877743,0.008120955857505935,-0.100834421036808,-0.21188266228681427,-0.305782696234764,-0.4442801475429024,-0.014403601138593174,0.052585891040395315
"Cameron County, TX",0,-0.3298102988639643,-0.346386498165212,-2.0891194217271307,-2.415734715541241,-1.2705814841668697,0.010895568691754348,-1.5390647092477825,0.3523342642038337,0.4659507724870229,-1.331974446729498,-0.05692123549040313,1.7677209153977564,0.8792017344260328,1.6603924605533378,0.9560863924336439
"Cameron Parish, LA",0,-0.3298102988639643,-0.346386498165212,-1.0129887879305945,-2.415734715541241,-0.11689733580156403,0.030336082571784332,-0.21615216940362061,0.2869663225541632,-0.9379603738697914,-1.3737311627380344,-0.21188266228681427,-1.2372439096180332,-1.0519758609990124,-0.8085608988243222,-1.2745478635055651
"Campbell County, TN",0,-0.3298102988639643,-0.346386498165212,0.3600054689822272,0.2599405691294903,1.9103472396488301,-0.47515948532461416,0.5222635743463798,0.44024287538787477,1.288840946735695,1.1337598292401623,-0.21188266228681427,1.3309023962801834,0.2702343685574903,-1.9477387027908648,0.10061849775743165
"Cape May County, NJ",0,0.8779663674148592,0.48838349125649977,0.43422131884856846,1.1518322696015981,-0.4913233913361057,0.047891341748543745,0.6706575083262378,0.44024287538787477,-0.8162735879967398,0.6012412641433349,-0.1763781724228227,-1.039350978134536,-1.1191422293283724,-0.056325659232040415,-0.19683954969082212
"Carroll County, AR",0,-0.3298102988639643,-0.346386498165212,0.3971134218717629,0.2599405691294903,0.3524037107057355,-0.7630253259103661,0.6706575083262392,0.44024287538787477,-0.9085415904719107,-2.0516470558415287,-0.21188266228681427,0.13762893413807223,-0.08594391168821795,0.46779847552312565,-0.5179554482086628
"Carroll County, IN",0,-0.3298102988639643,-0.346386498165212,-0.08528996569220147,0.2599405691294903,0.9136497963769424,0.06587715784436785,0.6706575083262398,0.44024287538787477,-0.9998066798766994,0.40918447911960787,-0.21188266228681427,-1.2044377034626914,-0.9019979461752222,-0.9230691307434191,-2.2737407879523976
"Carroll County, TN",0,-0.3298102988639643,-0.346386498165212,0.3600054689822272,0.2599405691294903,1.9103472396488301,-0.7630240055558896,0.6706781008260698,0.44024287538787477,1.1975758573309063,1.1323365017669353,-0.20132820067587914,0.5798255198384895,0.19154605867306557,-0.8924443784460465,-0.041299932476965784
"Carter County, MO",0,-0.3298102988639643,-0.346386498165212,-0.5305854003666302,-0.63195119242742,-0.8448511314558187,-0.04758413430306451,-0.7775993333466238,-0.019586783113260564,0.14552004649988007,0.2997492352406124,-0.21188266228681427,0.8767943890370258,0.7760052144111013,-1.8628711372984021,-0.7245099951834802
"Cass County, IL",0,-0.3298102988639643,-0.346386498165212,0.28578956320315574,-0.63195119242742,-0.17724100659553196,-0.4632660413135834,-0.8877101186569087,0.44024287538787477,1.01554713505652,1.035906065455816,-0.20702845026520192,-0.24313817992720488,0.4420230490005683,0.6609154867967906,-0.4788698106233968
"Cass County, IN",0,-0.3298102988639643,-0.346386498165212,0.3600054689822272,0.2599405691294903,1.9103472396488301,0.032650999035761526,0.6706575083262392,0.44024287538787477,1.1985787704012887,0.9387639654080839,-0.19760326110267493,-0.043611909703733194,0.5033321092484233,0.4855120211964134,-0.2441265756468788
"Cass County, TX",0,-0.3298102988639643,-0.346386498165212,0.3600054689822272,-0.63195119242742,0.05678603135792183,-0.1256210711213003,0.29507881583910256,0.44024287538787477,-0.26667722542724254,-1.791889791977628,-0.2007151155621636,0.7105922128620581,1.103243768543586,-0.2446403314565027,0.2472398220226333
"Catahoula Parish, LA",0,-0.3298102988639643,-0.346386498165212,-0.04818201280266575,-0.63195119242742,0.3226556830386506,0.03422422381578839,0.5259624927000537,-0.019586783113260564,-3.6565234033193956,-1.346862735348699,-0.21188266228681427,1.0995061018620875,-0.7991867753761795,-0.21436985007259554,1.1805348776720026
"Chambers County, TX",0,-0.3298102988639643,-0.346386498165212,-1.1614205994887374,-2.415734715541241,-0.9194391007501472,0.022782271075577096,-0.7872063612494921,0.30122460653869376,-0.22129540899244385,-2.1103084809880923,-0.21188266228681427,-0.71433648764473,-0.9087800923748589,0.8233290189034235,-1.4501034565334467
"Charleston County, SC",0,-0.3298102988639643,-0.346386498165212,0.3600054689822272,0.2599405691294903,-0.2074302387534467,0.036332766347721056,0.4931196657451421,0.44024287538787477,0.7392445841661979,0.481875846502265,-0.06887471705517273,-0.8603808735165971,-2.099239425019095,0.5860068703161988,0.41482343614464245
"Charlton County, GA",0,2.3997949553439897,2.8794511347688556,0.43422136641201114,1.1518321300107996,-0.5663751796318761,0.036332766347721056,0.3914420337095508,0.44024287538787477,0.5577173184270029,0.029257710016126575,-0.20710067298439672,1.6374920290324726,-1.2950926813030454,0.7449564201578335,0.8718070902596913
"Chatham County, GA",0,1.7555965938926963,2.251003101249157,0.43422137376466613,1.1518323187093404,-0.24510009192802001,0.036332766347721056,0.21030157839850908,0.44024287538787477,0.649985320902174,0.1602038375529968,-0.10701005309651136,0.00405369523235244,-0.5772641619460124,0.9585424175428524,0.6489931474588675
"Cherokee County, IA",0,-0.3298102988639643,-0.346386498165212,0.3971134218717629,0.2599405691294903,-0.9582882039872563,-0.29673310542648196,0.6706575083262392,0.44024287538787477,0.8315125866413691,0.4178261102070566,-0.21188266228681427,-2.071680818093792,-0.903153993822888,-1.1519281408422954,-0.9618054104572026
"Cherokee County, TX",0,-0.3298102988639643,-0.346386498165212,-0.9387728821515232,0.2599405691294903,0.7732994499365915,-0.03517931403359311,0.6706575083262392,0.44024287538787477,-1.091071769281488,-1.4998191476404692,-0.19278087182824655,0.9136640232771828,0.952263945758485,1.06797276636894,1.33472671427947
"Chicot County, AR",0,-0.3298102988639643,-0.346386498165212,0.3600054689822272,0.2599405691294903,0.10832357262208185,-0.6005946011683965,0.6706575083262392,0.44024287538787477,-0.9085415904719107,-0.5564415452167222,-0.21188266228681427,1.6588250264777489,2.198521844863371,0.7917595441701417,2.0301241548097115
"Citrus County, FL",0,-0.3298102988639643,-0.346386498165212,0.3971134218717629,0.2599405691294903,-0.7641121791423849,-0.07843936515615757,0.3938253001432939,0.44024287538787477,-0.0841470466176651,-0.8816718728490576,-0.21188266228681427,0.3150254563114019,-0.3289836621490739,-0.5347882095849542,-0.7188894632930096
"Clark County, IL",0,-0.3298102988639643,-0.346386498165212,0.06314184586594142,-0.63195119242742,0.5902395584573913,0.023226271289279444,0.6706575083262392,0.44024287538787477,0.6038513196645884,0.5358199577375625,-0.20592963318030968,-1.2094173947431015,-0.035732908857951544,-2.0143809979572556,-1.9065422631693159
"Clark County, IN",0,-0.3298102988639643,-0.346386498165212,0.28578956320315574,0.2599405691294903,1.22845883114695,-0.022278441191931026,0.6706575083262392,0.44024287538787477,0.9237805891165402,-0.004546317473011113,-0.1691095337662353,-1.0157273227002703,-0.876911712220883,-0.18370573434039342,-0.9288851522415845
"Clarke County, MS",0,-0.3298102988639643,-0.346386498165212,0.24868161031362004,0.2599405691294903,0.518629385616326,0.03204143448233836,0.6706575083262398,0.44024287538787477,0.7422533233773448,-0.10083442103680768,-0.21188266228681427,1.1756754596872394,1.5775701183806987,-0.36355726807650735,-1.0582434142717667
"Clay County, AR",0,-0.3298102988639643,-0.346386498165212,0.3971134218717629,0.2599405691294903,0.9788711713251822,-0.7361470986310251,0.6706575083262398,0.44024287538787477,-0.9998066798766994,-2.1811698559051718,-0.21188266228681427,0.81916940154012,1.037695866920958,-1.7268704699623827,-1.524833589730222
"Clay County, FL",0,-0.3298102988639643,-0.346386498165212,0.3971134218717629,0.2599405691294903,-1.3314627906206968,0.036332766347721056,-1.602036663724032,0.44024287538787477,0.5577173184270029,0.029257710016126575,-0.21188266228681427,-0.9920837485008832,-0.23106642639181402,0.3419142109382956,-1.3233260509835827
"Clay County, IN",0,-0.3298102988639643,-0.346386498165212,0.24868161031362004,0.2599405691294903,1.2731299897814634,0.33188395686576927,0.6706575083262392,0.44024287538787477,0.7392445841661979,0.7821979433531301,-0.21188266228681427,-0.8740053088597992,0.23728701059902627,-1.7871752521212199,-1.2680670461216543
"Cleburne County, AR",0,-0.3298102988639643,-0.346386498165212,0.3971134218717629,0.2599405691294903,0.08653163656237861,-0.8276765972035578,0.6706575083262392,0.44024287538787477,-0.6327404961167796,-1.6602320007041442,-0.21188266228681427,-0.09663566245753964,-0.32127667783130437,-1.5440273151792245,-1.455867369339491
"Cleveland County, AR",0,-0.3298102988639643,-0.346386498165212,0.1744657045345486,0.2599405691294903,0.5572944840371135,-0.7975044510875223,0.6706575083262392,0.44024287538787477,-0.9998066798766994,-1.363163223792084,-0.21188266228681427,-0.2898078466072089,0.9771189701832916,-0.7072787810079464,-1.6470801583479713
"Cleveland County, OK",0,-0.3298102988639643,-0.346386498165212,-5.911238569349311,0.2599405691294903,1.0926880336724274,0.014178687576776953,0.6268106192357207,0.44024287538787477,-0.45221614344796685,0.5959429847095743,-0.11010176972379768,-1.2092580446221284,-1.3216817771993503,0.33215207910057215,0.1016795165326745
"Coffee County, GA",0,1.9266240731690327,2.0462132581468357,0.4342213687074337,1.1518322579339064,-0.25630126867501796,0.036332766347721056,0.6590237541672247,0.44024287538787477,0.649985320902174,0.15949217381638328,-0.19592635149520884,1.1774880673133095,0.9765794812810473,0.8684001517832326,1.5356894055469317
"Cole County, MO",0,-0.3298102988639643,-0.346386498165212,0.10024979875547714,0.2599405691294903,-1.9703015670744022,0.0150033459575508,-2.426682141783026,-0.88815391583763,0.8315125866413691,1.17808631340637,-0.21188266228681427,-1.6737437284936607,-0.9292421357385365,-0.491685248446621,-0.26695281740614
"Coles County, IL",0,-0.3298102988639643,-0.346386498165212,0.06314184586594142,-0.63195119242742,-0.24746601487490172,-0.05736566552418766,0.6706575083262392,0.44024287538787477,0.6946149525341859,0.69153198330858,-0.21188266228681427,0.1481460421222988,-1.987912036548918,-0.9600707594831757,0.6620694869591476
"Colorado County, TX",0,-0.3298102988639643,-0.346386498165212,0.06314184586594142,-0.63195119242742,-0.9824260026636121,0.1236668944443938,-0.8144548890667686,-0.7553142367150794,0.46544931595183187,0.28848122607756665,-0.21188266228681427,-0.4543368465119578,0.20880970354486897,1.1086745579826722,0.2647609699056841
"Columbia County, FL",0,-0.3298102988639643,-0.346386498165212,0.3600054689822272,0.2599405691294903,-1.8372899212993574,0.036332766347721056,-2.2057020017500113,0.44024287538787477,1.4723740386156547,1.327332365599014,-0.21188266228681427,0.8430719196860885,0.23690166138313834,0.01929149907548282,1.6877878807870297
"Columbia County, PA",0,-0.3298102988639643,-0.346386498165212,-0.827449023482916,-0.63195119242742,-0.4986877981646363,-0.0244967659562378,0.3755584109784391,0.44024287538787477,-0.9531712221039229,-0.42243944986968857,-0.21188266228681427,-0.827773855012472,-2.321817132116273,-1.1822379856610323,-0.0038201611461199186
"Concordia Parish, LA",0,-0.3298102988639643,-0.346386498165212,0.32289751609269146,0.2599405691294903,0.3663959065149331,0.036332766347721056,0.6706575083262392,0.44024287538787477,0.1906511346670834,-0.40295939935376035,-0.21188266228681427,1.6316558308518303,1.271988190181145,0.11242538588214648,1.4581490064049207
"Conway County, AR",0,-0.3298102988639643,-0.346386498165212,0.3600054689822272,0.2599405691294903,-0.017318895003632675,-0.5809374968824064,0.6706575083262398,0.44024287538787477,-0.9998066798766994,-0.5557298814801089,-0.2040589280147977,0.28347413235872376,1.4652022870276213,-0.20484389884385001,-0.14267023978725044
"Cook County, GA",0,-0.3298102988639643,-0.346386498165212,0.3971134218717629,0.2599405691294903,-1.8470922874049844,0.036332766347721056,-2.154163811023496,0.44024287538787477,0.37518713961742545,-0.2297878901111601,-0.21188266228681427,1.3417780420365988,0.8384703223066211,0.5848259672713125,-0.07599811404569157
"Cook County, IL",0,0.20171987654910614,0.8689648099551286,0.43422135047933086,1.1518323256114575,0.29384570901181994,0.011890072735044289,0.080088284899668,0.18033915536549355,-1.6863006765533795,0.3217123316136052,1.730228086370718,0.013754133846590638,-1.147080047480286,1.4153944421743547,0.9753281113035734
"Copiah County, MS",0,-0.3298102988639643,-0.346386498165212,0.32289751609269146,0.2599405691294903,0.14258141701854077,0.036332766347721056,0.6706575083262392,0.44024287538787477,0.8325154997117515,0.07243197670400754,-0.21188266228681427,1.2780579124124718,0.28160217042619956,0.8297452587806365,1.0140122823252349
"Coryell County, TX",0,-0.3298102988639643,-0.346386498165212,0.32289751609269146,-0.63195119242742,0.8463686347514691,0.048200881587793995,0.6706575083262385,0.44024287538787477,1.1063107679261177,1.1114610321596083,-0.18329439901586925,0.2672204200194649,0.14846401633673523,0.7867997513816223,0.31835675614696285
"Craighead County, AR",0,-0.3298102988639643,-0.346386498165212,0.3600054689822272,0.2599405691294903,0.5718385069252244,-0.862945087442627,0.6706575083262392,0.44024287538787477,-0.6327404961167796,-1.464524473135452,-0.21188266228681427,0.09133772399538082,0.8252528442016465,0.05034924915598046,0.833237623970487
"Crawford County, AR",0,-0.3298102988639643,-0.346386498165212,0.13735775164501288,0.2599405691294903,0.4796400407052416,-0.7315994030055544,0.6706575083262398,0.44024287538787477,-0.9998066798766994,-0.6861422612145193,-0.18884143948056623,0.2506480074382603,1.049872902143033,-0.03644712464312909,-0.7879990645993136
"Crawford County, IL",0,-0.3298102988639643,-0.346386498165212,0.28578956320315574,-0.63195119242742,0.5782626422863351,0.026171166407317776,0.6706575083262392,0.44024287538787477,0.7863814984741658,0.45091847395958096,-0.21188266228681427,-0.7637350251463977,-1.0927843429616007,-0.6398885805797944,-0.49994680521266366
"Crawford County, IN",0,-0.3298102988639643,-0.346386498165212,0.21157365742408432,0.2599405691294903,0.6601066550340706,0.036332766347721056,0.6706575083262385,0.44024287538787477,1.1975758573309063,0.9380523016714704,-0.21188266228681427,0.236366252846044,-0.2041305162012104,-1.9142404197509364,-1.221525600926579
"Creek County, OK",0,1.6078254215121686,0.6946673775999448,0.4342212789879873,1.1518322795326896,0.4541037889840142,0.060032171922862865,0.6706575083262385,0.44024287538787477,0.6489824078317915,0.7335517732681772,-0.18545530028802537,-0.45463562798878226,0.0358264405325371,-0.24227852536673103,-0.1316872616543397
"Crisp County, GA",0,7.239543734304444,7.639736521550005,0.434221373048624,1.1518322895221673,-1.0061810394616286,0.14461404334023648,0.053512470909305485,0.44024287538787477,0.5577173184270029,0.029257710016126575,-0.20347598749558254,1.7754294774998314,1.744464863781993,0.4985019546901573,1.140330868945265
"Crittenden County, AR",0,-0.3298102988639643,-0.346386498165212,0.3600054689822272,0.2599405691294903,0.7027517985001878,-0.8114721289313173,0.6706575083262392,0.44024287538787477,-0.6327404961167796,-0.42620708141646546,-0.21188266228681427,1.33146012170359,1.0677916406818462,0.3943856695660568,0.79908428988094
"Cross County, AR",0,-0.3298102988639643,-0.346386498165212,0.3971134218717629,0.2599405691294903,0.3883992515097118,-0.7630253259103661,0.6706575083262392,0.44024287538787477,-0.541475406711991,-1.5307092006405012,-0.20545167043451967,0.7597517251822671,1.5807685168725725,-0.5091626135109314,-0.3147846908413748
"Cullman County, AL",0,-0.3298102988639643,-0.346386498165212,0.32289751609269146,0.2599405691294903,0.3447230863910771,0.0375439963144921,0.6706575083262392,0.44024287538787477,1.0150456785213289,0.8519409895412459,-0.21188266228681427,0.20180719535999816,-0.19372608737222247,-0.7000359089993132,-0.6684767333774563
"Cumberland County, IL",0,-0.3298102988639643,-0.346386498165212,0.28578956320315574,-0.63195119242742,-0.21773111478107768,0.038816667494093446,0.6706575083262392,0.44024287538787477,0.6951164090693771,0.41924943768028367,-0.20784191924009132,-1.1452789710514197,-0.6952580918510604,-1.9056198275232696,-1.8514553154060756
"Cumberland County, NC",0,0.7569166202250543,0.9766530326336192,0.434221372297574,1.1518322912092251,-1.0268782296675436,0.009655606652072674,-0.38741744077816564,0.44024287538787477,1.1980773138660974,0.7636946862011812,-0.08976833950312665,0.3788850172913811,0.7354664768996351,0.972280256298358,1.0036601802208467
"Cumberland County, NJ",0,-0.3298102988639643,-0.346386498165212,0.3600054689822272,0.2599405691294903,0.611021753369296,0.036332766347721056,0.6706575083262392,0.44024287538787477,1.4723740386156547,1.1963862380621435,-0.15434676245543683,1.0557644936549653,0.6513832779927714,1.3493819619652365,1.796097824411059
"Dallas County, AR",0,-0.3298102988639643,-0.346386498165212,0.3600054689822272,0.2599405691294903,0.8666076564991445,-0.3640775213826568,0.6706575083262398,0.44024287538787477,-0.9085415904719107,-0.8169104728172359,-0.21188266228681427,0.09241333731194902,0.9719167557687972,0.45693416751017607,0.7806455041382213
"Dallas County, TX",0,-0.3298102988639643,-0.346386498165212,-0.04818201280266575,-0.63195119242742,-1.7485831546785766,1.7258707197737193,-2.068618953752913,-2.7785647341200796,1.0616811362941057,1.458278493135884,0.7264066876653639,0.42738721036257526,-0.03133992779682301,1.5709587366206506,0.40458603877271293
"Dane County, WI",0,-0.3298102988639643,-0.346386498165212,0.28578956320315574,0.2599405691294903,-0.125502432094611,-0.13935506484686175,0.6706575083262392,0.44024287538787477,0.46544931595183187,0.6455585059233528,-0.017357232131154397,-2.0284770165449544,-2.8104399378628475,0.23988418786015853,0.27812407123711025
"Dauphin County, PA",0,-0.3298102988639643,-0.346386498165212,-2.2375512332852736,-0.63195119242742,0.6813360694623642,-0.15057992809907808,0.5931531218719875,0.44024287538787477,-0.8172765010671217,-0.2827356721151989,-0.1096753946345754,-1.1576684429570798,-0.34328011805853514,0.6744958718129777,0.18441030481843737
"Davidson County, TN",0,0.10340904037796356,0.461835495682775,0.43422130113740354,1.151832282205455,0.7242030509193239,0.04340177715005742,0.6706575083262392,0.44024287538787477,-1.4581379530414078,0.23529452839052095,0.037550494136408964,-0.3539064327686472,-1.4960522973888803,1.1315447136186279,0.7437966088358965
"Daviess County, IN",0,-0.3298102988639643,-0.346386498165212,0.13735775164501288,0.2599405691294903,1.3086014255090823,0.15343711629586956,0.6706575083262392,0.44024287538787477,0.8315125866413691,0.8574563835,-0.21188266228681427,-0.06504450097461854,-0.3480969832571417,-0.5884799346924307,0.7562420723076548
"Dearborn County, IN",0,-0.3298102988639643,-0.346386498165212,-0.011074059913130024,0.2599405691294903,1.202426404420515,0.25488079402982705,0.6706575083262392,0.44024287538787477,-1.365869950566237,0.2457220965693768,-0.21188266228681427,-1.6317549716172426,-1.2174448143015197,-1.9761197393029548,-2.0308535169713196
"Decatur County, GA",0,2.841211994083777,2.468882102287865,0.43422136471704165,1.151832250214971,-1.9754541484088575,-0.4632660413135834,-2.4266495669775985,-1.5523523114503828,1.4733769516860369,1.458278493135884,-0.20161758878308306,1.2185804797592537,0.9682174032962684,0.38360008842276516,1.783537656206843
"Decatur County, IN",0,-0.3298102988639643,-0.346386498165212,0.3600054689822272,0.2599405691294903,0.9005710170066823,0.045916077327425295,0.6706575083262392,0.44024287538787477,1.1985787704012887,-1.271663600513214,-0.20208678784263684,-1.197605567025969,-0.7364904579511257,-1.50438833630589,-1.6527006902384422
"Delaware County, NY",0,-0.3298102988639643,-0.346386498165212,-0.6790172119247732,-0.63195119242742,1.7638384246208842,0.018857714626879674,0.6678439265778321,0.44024287538787477,-1.778067222493359,-0.6255203719173321,-0.21188266228681427,-0.4028269199073959,-0.42212256762931627,-0.8868941341350829,0.7437392564696669
"Desha County, AR",0,-0.3298102988639643,-0.346386498165212,0.21157365742408432,0.2599405691294903,-0.11199102181100783,-0.6984374672973406,0.6706575083262392,0.44024287538787477,-0.9998066798766994,-1.313651760973407,-0.21188266228681427,1.51397576651318,2.303645110957745,1.0225079991408357,-0.45460975970840367
"Dillon County, SC",0,-0.3298102988639643,-0.346386498165212,0.32289751609269146,0.2599405691294903,-1.9082746560585813,0.036332766347721056,-2.3520933750494732,0.44024287538787477,0.6489824078317915,0.5482977952528515,-0.21188266228681427,1.8099088599253912,1.3748764308233656,0.631865271892599,0.8919951231724035
"Dodge County, NE",0,3.6655266104853013,3.2408805494548134,0.4342213667986572,1.1518322828407654,0.10927515938197857,0.03580511403292153,-0.6272756867361909,-1.0542035147408182,1.1073136809964998,1.0692356504538785,-0.1981799240877776,-0.8310405324924207,0.5995923433773622,0.24260026486339592,-0.26419990382713326
"Dorchester County, MD",0,-0.3298102988639643,-0.346386498165212,0.3971134218717629,0.2599405691294903,0.46070139669486937,0.036332766347721056,0.6706575083262392,0.44024287538787477,1.1053078548557351,0.8063945103979868,-0.1998146312629431,0.08486412533084721,1.058119375363047,0.5944306453697175,-0.2691035311397383
"Dougherty County, GA",0,2.764147628123115,2.4606491614434742,0.43422136956683466,1.1518322807467058,-1.1429863326187875,-0.005596119662183939,-1.0623272714644922,-1.9508713488180343,-0.08264267701209167,-0.23026233260223558,-0.17797695469980007,1.6771502903896578,0.8643272546927371,0.6452094762998088,0.9913294214815478
"Douglas County, IL",0,-0.3298102988639643,-0.346386498165212,0.24868161031362004,-0.63195119242742,0.08460269467675371,0.014262712861749072,0.6706575083262392,0.44024287538787477,0.46544931595183187,0.23649419011795583,-0.21188266228681427,-0.6400594125061327,-0.7241592830426952,-0.3611560985519061,-0.4003257450723726
"Douglas County, NE",0,2.627756543626383,3.5159316895325254,0.4342213744001507,1.1518323263462948,-1.9213114153595396,0.036332766347721056,-2.388532411202557,0.44024287538787477,1.4743798647564195,1.3301790205454675,-0.007817804278541311,-1.1161776552087028,-0.3730290775251255,0.7540100101686245,0.33653745624165027
"Drew County, AR",0,-0.3298102988639643,-0.346386498165212,0.3600054689822272,0.2599405691294903,0.16239752025021295,-0.8489889048751491,0.6706575083262392,0.44024287538787477,-0.7240055855215687,-1.5947589369357096,-0.20504493594707499,0.5302875509809696,0.1469996893163587,-0.10206597050395251,1.3522191859794068
"Dubois County, IN",0,-0.3298102988639643,-0.346386498165212,0.06314184586594142,0.2599405691294903,1.4675607861211795,0.04909639409220812,0.6706575083262392,0.44024287538787477,-0.541475406711991,0.937767636176825,-0.21188266228681427,-1.7882567091779713,-0.9748674828997309,-0.38162508466326056,-0.9483276043933163
"Duplin County, NC",0,-0.3298102988639643,-0.346386498165212,0.28578956320315574,-0.63195119242742,-1.1589717804705788,0.036332766347721056,-2.4160801636384024,-1.0542035147408182,0.8776465878789547,0.5046490860738946,-0.21188266228681427,1.504733459496739,1.3911381677338597,1.3156868617511603,0.48682933194552586
"Duval County, FL",0,2.1389934541520255,3.3958724937019458,0.4342213743742535,1.1518323213837487,0.12975077660513296,0.036332766347721056,0.6276463889498648,0.44024287538787477,0.694614952534186,0.46147481938601337,0.1302787474326418,-0.1632838505545482,-0.4356097901854126,1.0325850384571942,0.679217844461707
"Dyer County, TN",0,0.06862456635138837,0.06334774164516008,0.4342212968346385,1.1518313942005427,1.8965315937057043,-0.4585779852403883,0.637386574633564,0.44024287538787477,0.6484809512966005,-0.2973959450894358,-0.1978424289369792,0.4695552361250882,1.2229332349985431,-0.5082178910750228,-0.6286168388480943
"East Baton Rouge Parish, LA",0,-0.2645498412993108,-0.19945586099559354,0.4342208608482803,1.1518313619076812,-0.6275777147977291,-0.22041251652714547,-0.9103117188101741,-0.028603050927008968,0.351367954195846,-1.7298485288946401,-0.04615756417825487,-0.20296203067685625,-0.34200846564610515,0.947638746095073,0.5963149990772559
"East Carroll Parish, LA",0,-0.3298102988639643,-0.346386498165212,0.32289751609269146,0.2599405691294903,-0.6315115945544926,0.036332766347721056,0.6706575083262392,0.44024287538787477,-0.998803766806317,-1.488009376443696,-0.2091150777426612,1.770290436098449,0.2270367214563937,0.17170671873541554,1.7061693141635204
"East Feliciana Parish, LA",0,-0.3298102988639643,-0.346386498165212,0.13735775164501288,-0.63195119242742,0.07711673347906911,0.036332766347721056,0.6706575083262392,0.44024287538787477,-1.6396652187806025,-0.052405703760264176,-0.21188266228681427,0.33671699152886864,-0.9961387596167739,0.047239537804447826,1.2260726564580648
"Eastland County, TX",0,-0.3298102988639643,-0.346386498165212,0.28578956320315574,0.2599405691294903,-1.120031921470372,0.02460529432162268,-0.6879387590616002,-4.043096294998204,0.37418422654704303,1.458278493135884,-0.20507147562099595,0.28078509906730226,0.42190781993119003,0.31168309298921665,0.8679071293560979
"Edgar County, IL",0,-0.3298102988639643,-0.346386498165212,0.0260338929764057,-0.63195119242742,0.2332355233592665,0.009711026475890441,0.6706575083262392,0.44024287538787477,0.6484809512966005,0.2769166903575986,-0.20526713579313471,-0.6285862037960679,0.08676960687299227,-1.7554876870834497,-0.9217161064629227
"Edgecombe County, NC",0,-0.3298102988639643,-0.346386498165212,0.3600054689822272,0.2599405691294903,-1.378954803648065,0.035283036044055006,-1.480201790303578,-2.548649904869511,0.9237805891165402,0.6782950378075702,-0.21188266228681427,1.6011203639203566,1.307478852964473,0.9112669323125889,1.1112818954501245
"El Paso County, CO",0,-0.3298102988639643,-0.346386498165212,-1.1614205994887374,0.2599405691294903,-0.061260305505964265,0.05180455498434222,0.6549336534637357,0.44024287538787477,-0.5424783197823735,0.7206969562541654,-0.21188266228681427,-1.191948637731423,-0.7942928403343953,0.5294022510313369,-0.09458028070398365
"Erath County, TX",0,-0.3298102988639643,-0.346386498165212,0.3971134218717629,0.2599405691294903,-0.5155338800595128,0.036332766347721056,0.6706575083262392,0.44024287538787477,0.37518713961742545,-0.6212029452485444,-0.19674386046729933,0.3815541318176809,-2.1481402405153416,0.5638452565071745,1.2929168392983128
"Essex County, NJ",0,0.8294099166061188,2.215523224388073,0.4342213716157491,1.1518323155657084,-0.9266438441064513,0.3021678101303874,-0.8737993035254655,-0.7553142367150794,-0.4502103173072024,0.759068871913194,0.0869963928033167,0.29658067980876307,0.08653839734345871,1.5315165749214634,1.4391366969999075
"Essex County, NY",0,-0.3298102988639643,-0.346386498165212,-0.04818201280266575,0.2599405691294903,1.7610831426561957,0.010101163884712478,0.6673966306301027,0.44024287538787477,-0.26667722542724254,0.1889988472036628,-0.19762259093543705,-1.1366541457537493,-0.8889731426781914,-0.7685282856026922,0.3199339462182682
"Evangeline Parish, LA",0,-0.3298102988639643,-0.346386498165212,0.06314184586594142,-0.63195119242742,0.5138325419463273,0.036332766347721056,0.6706575083262375,0.44024287538787477,-1.09207468235187,-0.5432045997157127,-0.19936339465248337,1.6173541574944938,2.017137968944671,0.6926030518345606,1.863687588012288
FL,1,-0.07046913020117167,0.04824526509809869,0.4342213692412166,1.1518323226454623,-0.8203734492966225,0.1032193323012651,-0.7740668520848744,-0.88815391583763,0.008120955857505935,0.6703074090025958,7.3247293194176155,-0.11855327538855735,-0.590264120250403,0.9402991231130555,0.34080629013101166
"Faulkner County, AR",0,-0.3298102988639643,-0.346386498165212,0.3600054689822272,0.2599405691294903,-0.022873755567133117,-0.7397304028755949,0.6706575083262392,0.44024287538787477,-0.9998066798766994,-0.6859643452803657,-0.21188266228681427,-0.6741005820990166,-1.2041888012749569,-0.19094860634902655,0.6619547822266882
"Fayette County, IN",0,-0.3298102988639643,-0.346386498165212,0.3600054689822272,0.2599405691294903,-0.36530804305825376,-0.05785071344203854,0.6706575083262392,0.44024287538787477,0.9237805891165402,0.4832991739754919,-0.20307870038620807,0.703660482599727,1.0920686412828204,-1.6205498324878271,-0.16423472948946646
"Fayette County, TX",0,-0.3298102988639643,-0.346386498165212,-0.04818201280266575,-0.63195119242742,-1.351172771663085,0.10577754300858767,-1.5318670197977526,-0.4794164416143979,0.1906511346670834,0.08709656279179943,-0.20264126192003512,-1.1529676143883731,-0.6486693716501446,0.6104909267801653,-0.6402593691926417
"Fayette County, WV",0,1.0144933584160891,0.5952898908224262,0.43422136490963104,1.1518322122937048,-1.8372894715099506,0.036332766347721056,-2.0677553862145994,0.44024287538787477,0.9237805891165402,1.0035253654399054,-0.1954245216890309,0.8514776385674211,0.10102752786086548,-1.343076980374484,0.5105732115644558
"Florence County, SC",0,-0.3298102988639643,-0.346386498165212,0.32289751609269146,0.2599405691294903,-1.817538678851158,0.036332766347721056,-2.178921416987726,0.44024287538787477,0.7392445841661979,0.2868799826701862,-0.21188266228681427,0.5739295653624835,0.44529851733562015,0.464688764171593,1.220824914948084
"Floyd County, IN",0,-0.3298102988639643,-0.346386498165212,0.24868161031362004,0.2599405691294903,1.547072857585365,0.04979456014303492,0.6706575083262398,0.44024287538787477,0.46544931595183187,0.0030684845087524046,-0.21188266228681427,-1.4536214551344129,-0.6735629309965397,-0.6329999794846269,-1.1709981662785667
"Forrest County, MS",0,-0.3298102988639643,-0.346386498165212,0.21157365742408432,0.2599405691294903,0.9230304240287861,0.02376461393437588,0.6706575083262392,0.44024287538787477,-0.7250084985919507,-1.0536572758639682,-0.21188266228681427,1.2001157844914925,0.6644080814898017,0.5209784759778178,1.6096452817996094
"Fort Bend County, TX",0,-0.3298102988639643,-0.346386498165212,-1.0500967408201303,-2.415734715541241,-1.0735175987567105,0.04654040369040877,-1.2450935995321737,-0.6058695977022106,-0.12952886305246403,-0.34179944914055793,-0.21188266228681427,-1.4467096436372033,-0.7572222457659255,1.4578282249205867,-1.296313086489584
"Fountain County, IN",0,-0.3298102988639643,-0.346386498165212,0.24868161031362004,0.2599405691294903,0.6214512350216861,0.036332766347721056,0.6706575083262392,0.44024287538787477,1.1053078548557351,1.093621994495165,-0.21188266228681427,-0.4073883171202512,0.16499549769834987,-1.3580350856097045,-2.2095348139586983
"Franklin County, AL",0,-0.3298102988639643,-0.346386498165212,0.13735775164501288,-0.63195119242742,0.4605199991650804,-0.0934391371745378,0.6706575083262392,0.44024287538787477,0.8315125866413691,0.23973226011954699,-0.21188266228681427,0.934299863943202,1.0196615236173776,0.6251734879715789,-0.10903307699376674
"Franklin County, AR",0,-0.3298102988639643,-0.346386498165212,0.28578956320315574,0.2599405691294903,0.14257472260466617,-0.15198141701220166,0.6706575083262392,0.44024287538787477,0.09938604526229433,-1.335713336808423,-0.21188266228681427,0.5473180951599717,0.17443655348761752,-1.0947724334698208,-0.4655640616581995
"Franklin County, FL",0,-0.3298102988639643,-0.346386498165212,0.13735775164501288,0.2599405691294903,-1.9844419263048212,0.036332766347721056,-2.443550131724587,0.44024287538787477,1.5646420410908257,1.458278493135884,-0.21188266228681427,1.245351300082738,-0.4850500945839022,0.13608281021469262,1.1246163205984374
"Franklin County, IN",0,-0.3298102988639643,-0.346386498165212,0.1744657045345486,0.2599405691294903,1.0715360563922607,0.0394553696262168,0.6706575083262392,0.44024287538787477,0.9237805891165402,1.0861800251351503,-0.21188266228681427,-1.2762647704913268,-0.5403477070638973,-1.896015149424865,-1.3916327191626765
"Franklin County, MO",0,-0.3298102988639643,-0.346386498165212,0.28578956320315574,0.2599405691294903,0.05973700437355509,0.022890404064329642,0.6706575083262392,0.44024287538787477,0.5587202314973851,-0.58917807710094,-0.21188266228681427,-0.9614287689786789,-1.2019537758228036,-1.6151176784813523,-1.547688507672597
"Franklin County, MS",0,-0.3298102988639643,-0.346386498165212,0.3971134218717629,0.2599405691294903,0.3197224809268826,0.036332766347721056,0.6706575083262392,0.44024287538787477,1.108316594066882,-0.7493024178389606,-0.21188266228681427,0.4322872265824991,1.4793831381723184,-0.32435128698629695,-1.3152680435283661
"Franklin Parish, LA",0,-0.3298102988639643,-0.346386498165212,0.10024979875547714,-0.63195119242742,-0.056830669921721075,0.036332675729798036,0.6706575083262392,0.44024287538787477,-2.007734315610905,-2.1808535609111215,-0.21188266228681427,1.5585539628554115,1.3409271649035923,-0.2963245213876734,0.8071422973361573
"Fremont County, IA",0,-0.3298102988639643,-0.346386498165212,0.06314184586594142,0.2599405691294903,-1.2986183010358474,0.035588139642490524,-1.7153270895756791,-0.1575356806636023,0.09938604526229433,0.38872697075441887,-0.21188266228681427,-2.063075911561244,-0.6986106300292899,-1.7580069469125392,-2.4239466351069296
"Fulton County, AR",0,-0.3298102988639643,-0.346386498165212,0.3600054689822272,0.2599405691294903,-0.12018957506575938,-0.7215109361433559,0.6706575083262392,0.44024287538787477,-0.9998066798766994,-1.9207009283046577,-0.21188266228681427,0.7789733335246501,0.22060138955105524,-1.6155113128296477,-0.4860101802189438
"Fulton County, IN",0,-0.3298102988639643,-0.346386498165212,0.28578956320315574,0.2599405691294903,1.09286533601992,0.0452370486865252,0.6706575083262392,0.44024287538787477,1.1975758573309063,1.0024578698349853,-0.21188266228681427,-0.21230393151890523,0.07709734155419107,-0.7604981448974683,-1.2154175739231583
GA,1,1.5612739564878277,2.2484355979456265,0.434221374183807,1.1518323295906077,-0.8513481811757174,0.01357197946758736,-0.8093103890655244,-0.6609281489174781,-0.021966436253962864,0.16942699957950663,3.5802625129726664,-0.004894726142893806,-0.2910283442176618,0.8013497776716448,-0.29620919789590244
"Gadsden County, FL",0,-0.3298102988639643,-0.346386498165212,-0.08528996569220147,-0.63195119242742,-1.9132594064459725,0.015573934011527147,-2.3588035831780965,0.013258192493962678,1.2908467728764594,1.4482057140945863,-0.21188266228681427,1.3519366122486356,1.1044768860344292,1.2875026424132183,1.7915956636620596
"Galveston County, TX",0,-0.3298102988639643,-0.346386498165212,-7.7295282609365605,-5.983301761768883,-0.7296498702147604,0.08301819984947711,-0.7218282975998999,-0.32056619595036917,-0.9382946782265854,-2.4680214557304145,-0.09263580520885117,-0.5688099896660254,-0.327365195442342,1.0550221963100253,0.251684630405404
"Garland County, AR",0,-0.3298102988639643,-0.346386498165212,0.3971134218717629,0.2599405691294903,-0.6383060333030252,-0.862945087442627,0.6706575083262392,0.44024287538787477,-0.5424783197823735,-1.5321325281137281,-0.21188266228681427,0.23294022524512173,1.2272876811380826,-0.0451070803056251,1.043175960552833
"Garrett County, MD",0,-0.3298102988639643,-0.346386498165212,0.13735775164501288,0.2599405691294903,0.9577470827482915,0.11965396259919425,0.6706575083262392,0.44024287538787477,1.4723740386156547,1.327332365599014,-0.21188266228681427,-1.1011788250721077,-0.9328258834462996,-1.9550996651039865,-0.6215624978018902
"George County, MS",0,-0.3298102988639643,-0.346386498165212,0.21157365742408432,0.2599405691294903,0.08466405576064506,0.039085565434827,0.6706575083262392,0.44024287538787477,0.46645222902221406,0.44012490728761045,-0.21188266228681427,0.8127555591709517,0.328075285862349,-0.571435567411245,-0.1899285895601915
"Georgetown County, SC",0,-0.3298102988639643,-0.346386498165212,0.3971134218717629,0.2599405691294903,-1.974353727113285,0.036332766347721056,-2.420645208996439,0.44024287538787477,0.8315125866413691,0.4178261102070566,-0.21188266228681427,0.27327572461644395,0.2009871144623322,0.42851376756325676,-0.10146256465149944
"Gibson County, IN",0,-0.3298102988639643,-0.346386498165212,-0.23372177725034438,0.2599405691294903,1.004714083233338,0.31738348735680666,0.6706575083262398,0.44024287538787477,-0.4502103173072024,0.8445080571810614,-0.21188266228681427,-1.6145053210219023,-0.45580208909796804,-1.3840936794668521,-0.09664496588823893
"Gibson County, TN",0,-0.3298102988639643,-0.346386498165212,0.21157365742408432,0.2599405691294903,1.9103472396488301,-0.7630253259103661,0.6706575083262398,0.44024287538787477,1.1975758573309063,1.153686413865338,-0.19342416369026558,0.6066361776922173,1.4502507374511493,-0.4904256185320762,-0.2576617340769932
"Glynn County, GA",0,2.2595563405715655,2.5338025115967437,0.4342213679176191,1.151832297788755,-1.1174854536902141,0.0007222716572211303,-2.1023926568318485,-3.1464284609209883,-0.44920740423682,-0.2966842813528226,-0.18113268974427285,-0.12394428943930866,0.6372024268480764,0.7610954284379393,0.49193369253993474
"Goliad County, TX",0,-0.3298102988639643,-0.346386498165212,0.06314184586594142,-0.63195119242742,-1.1659824742102598,0.13609132278294284,-0.4424863414908182,-0.1575356806636023,0.4659507724870229,-0.3762324723565003,-0.21188266228681427,-0.6953937420140498,0.3002145375536132,0.7456255985499352,-0.6496364810711315
"Gonzales County, TX",0,-0.3298102988639643,-0.346386498165212,-0.15950587147127293,-0.63195119242742,-1.267979044677211,0.11715243115018935,-1.2141084852544801,-0.680591917208645,0.05375350055990024,-0.24150297008310403,-0.20434402750958813,0.435693335418299,1.9311280239583657,1.4346037983711646,1.0164497578899807
"Grant County, IN",0,-0.3298102988639643,-0.346386498165212,0.13735775164501288,0.2599405691294903,1.7666069235001882,0.1052332339384004,0.6706575083262398,0.44024287538787477,1.1985787704012887,1.2469143633616968,-0.21188266228681427,0.5145318077697518,0.30495433290904056,-0.691297226467158,0.5067306030270928
"Grant Parish, LA",0,-0.3298102988639643,-0.346386498165212,0.1744657045345486,-0.63195119242742,0.16071945497994605,0.036332766347721056,0.6706575083262392,0.44024287538787477,0.007118042787123721,0.17728376723171888,-0.20359867910288934,0.47218451312114446,-0.535877656159591,0.20252828820693602,0.11704995068212626
"Grayson County, TX",0,-0.3298102988639643,-0.346386498165212,0.28578956320315574,0.2599405691294903,-1.9288459705453798,0.036332766347721056,-2.361044107106674,-1.0542035147408182,1.1985787704012887,1.2409838322232516,-0.16437154935640805,-0.3361588130452661,0.7108811969259511,0.4834257591504484,0.1735133552348704
"Greenbrier County, WV",0,-0.3298102988639643,-0.346386498165212,0.21157365742408432,0.2599405691294903,-1.8624134841259496,-0.16390610550933246,-2.2452582439094906,-0.5560547180312537,0.5577173184270029,0.21115896109451765,-0.21188266228681427,0.2463853917022295,-0.4274018518869879,-1.3254421615708554,-0.33244921963999824
"Greene County, AR",0,-0.3298102988639643,-0.346386498165212,0.3600054689822272,0.2599405691294903,0.7704178990101702,-0.6860187040049384,0.6706575083262392,0.44024287538787477,-0.9998066798766994,-1.9861739920730932,-0.21188266228681427,0.4677227097338975,0.6408247094774271,-1.524070053720654,-0.6480592909998262
"Greene County, IL",0,-0.3298102988639643,-0.346386498165212,0.32289751609269146,-0.63195119242742,-0.1844008285854517,-0.4632660413135834,-0.8877101186569087,0.44024287538787477,0.6033498631293974,0.5060724135471214,-0.2069556681617793,-0.7318450821866517,-0.4700985450074293,-2.0255208500140123,-1.932895675451678
"Greene County, IN",0,-0.3298102988639643,-0.346386498165212,-0.23372177725034438,0.2599405691294903,1.4750195250966527,0.5123844891047937,0.6706575083262392,0.44024287538787477,-1.6396652187806025,0.7938217843844828,-0.21188266228681427,-0.1245219336278363,-0.037312840643094335,-1.8491726619777262,-0.40428305834219486
"Gregg County, TX",0,-0.3298102988639643,-0.346386498165212,-0.9387728821515232,-2.415734715541241,0.06775411023701543,0.010832709042638137,0.617076588479661,0.2786811034820704,-0.6332419526519708,-0.9502288128094839,-0.16608053032627046,0.17547458786918957,0.80879843268321,1.0697047575014396,1.2295137984318232
"Grimes County, TX",0,-0.3298102988639643,-0.346386498165212,-0.8645569763724518,-3.307626477098151,-0.5913659664084784,0.10944171444708159,-0.11880960683259847,-0.2429326172423851,0.2644655366472201,-0.5792836554725405,-0.2015850823440651,0.5535526686430462,0.0169443289540018,1.047503780257585,1.1506829710496522
"Grundy County, IL",0,-0.3298102988639643,-0.346386498165212,0.1744657045345486,0.2599405691294903,0.3720265446312747,0.008369602566934304,-0.5850563382803499,0.44024287538787477,-1.365869950566237,0.5487722377439268,-0.19303849934206962,-1.7854680820609414,-1.0996050240828277,-0.329704714123113,-2.001718514926836
"Guadalupe County, TX",0,-0.3298102988639643,-0.346386498165212,0.32289751609269146,0.2599405691294903,-1.7351906646351387,0.03316136810972532,-2.12636017699513,-1.5523523114503828,0.37418422654704303,0.6775833740709567,-0.21188266228681427,-1.125101261983198,-0.11808203629331705,1.1228453945213024,-0.505309251455103
"Gulf County, FL",0,-0.3298102988639643,-0.346386498165212,0.06314184586594142,-0.63195119242742,-1.5441742279278199,0.0002746603259985472,-1.8538421559692895,-1.9508713488180343,1.1073136809964998,1.3062196747461488,-0.21188266228681427,0.4222680877263136,-0.19996874466961545,-0.09761790236821555,0.5025438802923541
"Hall County, NE",0,0.16851821527319463,-0.21836425252696956,0.43422136508096565,1.1518320980190453,0.8325514340964069,0.0354854614341405,-0.2321061491388512,-5.537542685126898,1.1985787704012887,1.5880859586941727,-0.18929081147693314,-0.4090017370951045,0.6469517620100538,0.9270910331140595,0.013586282004472264
"Hampden County, MA",0,-0.3298102988639643,-0.346386498165212,-1.5696080812736304,-0.63195119242742,0.5924072598635667,0.03622066206557297,0.6064461851851802,0.21884341018362297,-1.3668728636366188,-0.2083241118148995,-0.03803058150094448,0.07538279313294637,0.612848356403925,0.98786817649085,0.8472029251473217
"Hancock County, IL",0,-0.3298102988639643,-0.346386498165212,-0.19661382436080865,-1.5238429539843306,0.2633811495179314,-0.29688646731670726,-0.36825424299585974,0.44024287538787477,0.8014251945299004,0.38031724503025494,-0.20503443195435217,-1.3857383035998625,-0.7628868792394861,-1.8314591163044387,-2.1624198451013292
"Hancock County, MS",0,-0.3298102988639643,-0.346386498165212,-2.4973069035120234,0.2599405691294903,0.8133039628713654,0.0363491662827268,0.610743691894639,0.2889065320837032,-3.0126532121339635,-1.1073894283759802,-0.21188266228681427,0.23136664280051245,0.33189024309964515,-0.6552403201633102,-0.743350247489805
"Hardeman County, TN",0,-0.3298102988639643,-0.346386498165212,0.3600054689822272,0.2599405691294903,1.9103472396488301,-0.7130654451442356,0.6706575083262392,0.44024287538787477,1.288840946735695,1.197097901798757,-0.21188266228681427,1.690675131907252,-0.046407082138063174,0.06829897543824565,0.557946266069857
"Hardin County, TX",0,-0.3298102988639643,-0.346386498165212,-1.5696080812736304,-1.5238429539843306,-0.7500008784838313,0.05141792023379776,-0.6170164694280286,-0.3346552528270032,-1.2441831646931856,-1.1308450313535363,-0.21188266228681427,-0.8701012308959576,0.08176006706644125,-0.553997565781764,-0.8435161551092742
"Harris County, TX",0,-0.3298102988639643,-0.346386498165212,-12.627778042355276,-4.199518238655061,-0.7494291247818227,0.026446910645464863,-0.29270007037655316,-0.816450679947617,-0.9081404252437576,-1.6257781932815771,1.4453970960096116,0.41681034608298445,-0.04995229492423564,1.5706044657071845,0.19005951289202283
"Harrison County, IA",0,-0.3298102988639643,-0.346386498165212,0.1744657045345486,0.2599405691294903,-0.12779220570858194,0.03485075382232039,0.5087313447359251,-1.2676958561877743,0.19165404773746558,0.2877339791541225,-0.21188266228681427,-2.0584945955832663,-1.0202616205313924,-1.859800789381699,-1.7258249571807978
"Harrison County, IN",0,-0.3298102988639643,-0.346386498165212,0.28578956320315574,0.2599405691294903,1.5810895411698833,0.134778109541187,0.6706575083262392,0.44024287538787477,-1.8242012237309446,0.8736467335079553,-0.21188266228681427,-1.1590428377504731,-0.9520933442407223,-1.8237438830778514,-1.4992257582088406
"Harrison County, MS",0,-0.3298102988639643,-0.346386498165212,-1.5696080812736304,0.2599405691294903,0.9130767950230078,0.034980760976666,0.6362270315652714,0.3295431427857502,-3.1971892170843055,-1.2387390819815887,-0.21188266228681427,0.6988401414402908,0.6323855616494699,0.663985834713494,0.7569303007024063
"Harrison County, TX",0,-0.3298102988639643,-0.346386498165212,0.10024979875547714,0.2599405691294903,0.5491641222636894,0.028000793552002124,0.6706575083262398,0.44024287538787477,0.2819162240718722,-0.6216773877396196,-0.21188266228681427,0.30701811273250307,0.5435625673871788,0.8508440598492634,0.5033754896026791
"Hawaii County, HI",0,-0.3298102988639643,-0.346386498165212,-0.04818201280266575,-0.63195119242742,-0.9814334097542936,-0.4827249751270719,-1.1799040260342142,-1.8589054171178065,0.8335184127821336,0.9122900744060642,-0.13949865397299083,-0.6416130761856208,-0.23468870902116673,1.2687656474343634,-0.17493094579123034
"Hays County, TX",0,-0.3298102988639643,-0.346386498165212,-1.1243126465992017,-0.63195119242742,-0.6394387485777026,0.06963378002361832,-0.25557549570340343,-0.2713982627686458,-0.6332419526519713,-0.6029843535912403,-0.13886045872282543,-0.471825522288758,-1.8630203556794667,1.110642729724149,0.5477088686979267
"Hempstead County, AR",0,-0.3298102988639643,-0.346386498165212,0.24868161031362004,0.2599405691294903,0.29291961643747966,-0.8278715838534532,0.6706575083262385,0.44024287538787477,-0.9085415904719107,-1.478615415120399,-0.2037328070099654,0.8696435523583568,2.2178663755009733,1.142054750718112,0.41026392302941395
"Henderson County, IL",0,-0.3298102988639643,-0.346386498165212,-0.1223979185817372,0.2599405691294903,-0.33817280907595154,0.06152259759322713,0.6706643851632489,0.44024287538787477,0.8325154997117515,0.1755757742638466,-0.20930346591983798,-1.2968408548619812,-0.6372630348598467,-1.886646651935437,-2.671651504851268
"Hendricks County, IN",0,-0.3298102988639643,-0.346386498165212,0.21157365742408432,0.2599405691294903,1.5857312919489175,0.29106682736222655,0.6706575083262398,0.44024287538787477,0.46544931595183187,1.2848697626477463,-0.21188266228681427,-2.3027185747396994,-1.2300071987394843,-0.34497772683697003,-1.9420720540483662
"Henry County, IN",0,-0.3298102988639643,-0.346386498165212,0.32289751609269146,0.2599405691294903,0.2457485781624131,0.036332766347721056,0.6706575083262392,0.44024287538787477,-1.1823368586862766,0.8087667228533648,-0.21188266228681427,-0.19085142148289863,-0.4321801821640054,-1.5087970410067972,-0.589129734699222
"Hidalgo County, TX",0,0.9716281951991348,0.45547232364935525,0.4342213500198481,1.151832298012655,-0.9751169150934103,-0.0024998969314113995,-0.9079208381548595,-0.019586783113260564,0.1732004472424315,-1.1573737932880346,0.09611721479209422,1.9361141557361037,0.7920742767136498,1.6679502400406079,0.7597692428307561
"Hill County, TX",0,-0.3298102988639643,-0.346386498165212,0.28578956320315574,0.2599405691294903,-0.5833529580326048,0.13938144237651737,0.6947951101355706,0.44024287538787477,-0.6337434091871621,-1.10869260482874,-0.1986794542032411,0.5339326849982298,1.2235112588223755,0.7179137404299473,0.5409699656659843
"Hinds County, MS",0,1.3527011652882903,2.6120527774282736,0.4342213718683249,1.1518323133032031,1.4836084681072252,1.3473565136512144,0.6706575083262392,-1.0542035147408182,0.9247835021869223,0.5487722377439268,-0.1223223883342637,1.033953445846769,0.054824156875837644,0.8028206693572392,0.9596422391398615
"Holmes County, MS",0,-0.3298102988639643,-0.346386498165212,0.3971134218717629,0.2599405691294903,0.03725379576270382,0.03698152159474187,0.6706575083262398,0.44024287538787477,0.9247835021869223,-2.569738256096102,-0.21188266228681427,2.0686934563857435,0.970182684297299,0.12289605954680033,1.5236167324556649
"Holt County, MO",0,5.126379182915664,3.068170877765261,0.4342213276401036,1.151832047546249,-1.7189703242323369,0.019218428934167343,-1.796228467305886,-4.043096294998204,0.8315125866413691,1.458278493135884,-0.21018710653842007,-1.2462073539227714,-0.651135606631831,-2.125976335698968,-1.1594129883002482
"Horry County, SC",0,-0.3298102988639643,-0.346386498165212,0.32289751609269146,0.2599405691294903,-1.62984077167102,0.036332766347721056,-1.9049739638272691,0.44024287538787477,0.7392445841661979,0.2868799826701862,-0.09605010007419344,0.04048511663983254,-0.05877679196808181,0.34120566911136363,0.07885327477341404
"Hot Spring County, AR",0,-0.3298102988639643,-0.346386498165212,0.3971134218717629,0.2599405691294903,-0.4070381383236176,-0.8379651470595618,0.6706575083262392,0.44024287538787477,-0.7240055855215687,-1.7897548007677881,-0.21188266228681427,0.14073626149704885,0.27902033067974735,-0.5510059447347199,0.2810490419148045
"Houston County, TX",0,-0.3298102988639643,-0.346386498165212,-0.9387728821515232,-0.63195119242742,0.33291526180170977,-0.005285982660775429,0.6688752663440026,0.44024287538787477,-0.6337434091871621,-1.4582349044361929,-0.20333036113493416,0.9348575893666079,0.6052569768509218,0.776998256109069,1.4602997201385197
"Howard County, AR",0,-0.3298102988639643,-0.346386498165212,0.24868161031362004,0.2599405691294903,0.31261261838242244,-0.6488784622557701,0.6706575083262392,0.44024287538787477,-0.9998066798766994,-1.322903389549381,-0.21188266228681427,0.7656277608931507,2.103995682205931,0.8769813805760703,0.039165437342739494
"Howell County, MO",0,2.148145247865327,1.8698988065220434,0.4342212806827859,1.1518321893625,-1.3386741428556732,-0.011698728209330062,-1.200878225772259,-1.0542035147408182,0.054756413630282455,0.24020670261062263,-0.1969229255740121,0.6755351862479712,1.0707588296441883,-1.3830702301612845,-0.04190213232237354
"Hudson County, NJ",0,-0.3298102988639643,-0.346386498165212,-0.34504563591895154,0.2599405691294903,0.5932239802077695,0.03652219602589957,0.6706575083262392,0.44024287538787477,0.7392445841661979,1.0867900226236762,0.03661507939984987,0.07370961686272877,-1.7840237664223306,1.5887510091635968,0.888553981198646
"Huntington County, IN",0,-0.3298102988639643,-0.346386498165212,0.24868161031362004,0.2599405691294903,-0.30102009472161356,0.5206080259931473,0.6706575083262398,0.44024287538787477,-0.1744092229520715,-0.33426012664601096,-0.21188266228681427,-1.1480675981684496,-1.3736268515011147,-1.6645187891924103,-1.2016530060281267
"Hyde County, NC",0,-0.3298102988639643,-0.346386498165212,0.3600054689822272,-0.63195119242742,-1.3525810786150008,0.036332766347721056,-1.9092930276149347,0.44024287538787477,1.0150456785213289,0.6782950378075702,-0.21188266228681427,1.3934871562923778,-0.6234289980094501,0.5446359003103649,-0.1745868315938546
IA,1,-0.11827789087501123,-0.10835333569785939,0.4342213658826863,1.1518323093466054,-0.9180170661077636,0.03294536309043607,-0.9302473206853775,-1.6519820707922954,0.46544931595183187,0.5126714772866274,0.9486729139867873,-1.555731490999294,-0.8291749279199164,-0.4488594547576547,-0.5633720808947204
IL,1,1.4078308556226045,1.5020577201908012,0.43422137327581634,1.151832329738516,0.1505783673989488,-0.3521130272175717,-0.5769623911242359,0.44024287538787477,-0.7554301950602137,0.08049749905229278,4.559110700056411,-0.6436465228355515,-1.0134594480018464,0.6577677782501423,-0.007804121289334341
IN,1,-0.20322749073247726,-0.18016834087017847,0.43422127873134514,1.1518323222933629,0.9424905418790318,0.0031369866702709325,0.6706575083262406,0.44024287538787477,-2.647592854514808,-0.22387640593403532,2.2536411735957493,-0.5756022332204115,-0.4170324769231795,-0.18004280476927606,-0.4826869830665541
"Iberia Parish, LA",0,-0.3298102988639643,-0.346386498165212,-0.19661382436080865,-1.5238429539843306,0.4026439062149863,-0.08041977755570445,0.6706575083262392,0.44024287538787477,-2.9233939488699385,-2.3337170709768964,-0.18488671729732487,0.9634609360812835,1.2618920407248666,0.8011674050943992,1.1615225682669903
"Iberville Parish, LA",0,-0.3298102988639643,-0.346386498165212,-1.0500967408201303,-2.415734715541241,-0.19038347896894836,0.03732950705876672,0.27717670013677836,0.44024287538787477,-0.3584437713672226,-0.7416876158571967,-0.19971052364276126,0.5261245290705465,0.15543883714431697,0.38241918537788,1.4660923091276779
"Independence County, AR",0,-0.3298102988639643,-0.346386498165212,0.24868161031362004,0.2599405691294903,0.19290837980554168,-0.45625080609959795,1.6253012515480858,0.44024287538787477,-0.9998066798766994,-1.2705249385346327,-0.21188266228681427,0.26190210973198713,0.7961589784020676,-0.2209435436891268,0.39337365117488426
"Iroquois County, IL",0,-0.3298102988639643,-0.346386498165212,0.24868161031362004,0.2599405691294903,0.2890597100630815,0.03219223613792377,0.5230912444529653,0.44024287538787477,0.37518713961742545,-0.30835556663328234,-0.21188266228681427,-0.5988474874694595,-0.023979757773353354,-0.46759482633094984,-1.7477335610803895
"Izard County, AR",0,-0.3298102988639643,-0.346386498165212,0.1744657045345486,0.2599405691294903,0.02215791636605551,-0.575757351241055,0.6706575083262385,0.44024287538787477,-0.9998066798766994,-1.3818698134402079,-0.21188266228681427,0.8086323747907722,-0.6427349937254618,-1.5341470930370134,-0.08070100807649426
"Jackson County, AR",0,-0.3298102988639643,-0.346386498165212,0.21157365742408432,0.2599405691294903,0.14841379300050947,-0.32038183570046924,0.6706575083262392,0.44024287538787477,-0.9998066798766994,-0.989370318323223,-0.21188266228681427,1.2766237613237135,-0.1163479648218189,-0.5550997419569909,0.2566456100842379
"Jackson County, FL",0,3.3422349643117926,3.7728475865872735,0.43422128771589924,1.1518322517376787,-1.8255450817526973,-0.022121276042984143,-2.2357271922528748,-1.1387948198424427,1.0611796797589144,1.2819318687607009,-0.19381175480635743,1.1380289936073391,0.4522348032216128,0.5375898454758788,1.2971035620330515
"Jackson County, IN",0,-0.3298102988639643,-0.346386498165212,0.06314184586594142,0.2599405691294903,0.9325680961772992,0.042440494947803394,0.6706575083262385,0.44024287538787477,-0.8162735879967398,0.7692456633467658,-0.19554286253012118,-0.5281956275830002,-0.005367390645940721,-0.20382044953828213,-0.4341349649645438
"Jackson County, MS",0,-0.3298102988639643,-0.346386498165212,-1.8293637515003804,-0.63195119242742,0.8585198989112846,0.04096576030748032,0.5919584149325459,0.44024287538787477,-3.9303186715337626,-0.5081767439319724,-0.21188266228681427,0.23973252415160154,0.7342333594087911,0.3502986225569844,-1.18427523906065
"Jackson County, TX",0,-0.3298102988639643,-0.346386498165212,0.24868161031362004,-0.63195119242742,-0.9139507188306306,0.16435022250915268,-0.6904465508228391,-0.7553142367150794,0.373682770011852,-0.004190485604704352,-0.21188266228681427,-0.32291283423937445,0.4321966439954117,1.0158162152198156,0.2861820786923259
"Jasper County, IL",0,-0.3298102988639643,-0.346386498165212,0.13735775164501288,-0.63195119242742,-0.22714483698483984,0.036332766347721056,0.6706575083262392,0.44024287538787477,0.14501858996468908,0.6462701696599662,-0.2083124235295101,-1.448522251263273,-0.6662798308162479,-1.8387807151827311,-2.211628175326067
"Jasper County, IN",0,-0.3298102988639643,-0.346386498165212,0.1744657045345486,0.2599405691294903,0.8699977245588579,0.06025616505536145,0.6706575083262392,0.44024287538787477,0.09938604526229433,0.27041005047998984,-0.21188266228681427,-1.2928371830725318,-0.37372270611372416,-0.9036629573724622,-1.6902951663017467
"Jasper County, MO",0,-0.2825587095743404,-0.2971769790767446,0.43422028020029146,1.151831077932298,0.6844665757413883,5.30814546315166,0.45267327166513993,-0.12907003513734158,-3.0126532121339635,-1.5084894773084603,-0.1676319514052905,0.26311715440440664,0.28291235776022067,0.04023284640479155,0.03721545689094281
"Jasper County, MS",0,-0.3298102988639643,-0.346386498165212,0.32289751609269146,0.2599405691294903,0.4140444930278364,0.036332766347721056,0.6706575083262392,0.44024287538787477,0.5567144053566206,-0.27438548427226844,-0.21188266228681427,0.41912092283709446,1.298346076547916,0.06814152169892729,-0.7779624005091863
"Jasper County, TX",0,-0.3298102988639643,-0.346386498165212,-1.5325001283840947,-3.307626477098151,-0.41404321886300266,0.04696380862991822,-0.19437214561143018,0.10187765498137832,-0.39545126366432926,-1.4592866280339774,-0.1987798947490404,0.8226153479061641,0.9680247286883228,0.26263625319162537,0.7401260573972218
"Jay County, IN",0,-0.3298102988639643,-0.346386498165212,0.21157365742408432,0.2599405691294903,1.4441877036727124,0.10542608502117873,0.6706575083262392,0.44024287538787477,1.0140427654509465,-0.49239180892151413,-0.21188266228681427,0.05942786227051245,0.6373951014560199,-1.4983657307769724,-0.7007374393814363
"Jefferson County, AL",0,0.22368102619741043,0.7618419813344848,0.4342212820938993,1.1518322922852589,0.25253580678573434,0.12939850561515118,0.18408209224319735,0.3887102412455063,-2.46456121917004,-0.28042500895596106,0.03459532941451933,-0.1605748984980054,0.004921433418280947,0.8786740082737401,0.09158550007631837
"Jefferson County, AR",0,-0.3298102988639643,-0.346386498165212,0.1744657045345486,0.2599405691294903,-0.4981330001857609,-0.7681969458035561,0.16879902691021922,0.44024287538787477,-2.283535409966036,-1.6419320760483707,-0.21188266228681427,1.005788311964769,0.8074111755060106,0.40284880805440465,1.574660338399739
"Jefferson County, NE",0,4.408798398327352,2.686748143260176,0.43422136635949987,1.1518321287486892,-0.39866464542028934,0.030589400682866575,-0.7684368491079459,-5.537542685126898,1.1985787704012887,1.5880859586941727,-0.2091452844909647,-1.2252328942496837,0.04811908051937754,-1.2070763130384647,-1.8663669306256925
"Jefferson County, TX",0,-0.3298102988639643,-0.346386498165212,-3.907409113314381,-2.415734715541241,-1.0805902008114725,0.055029052501344405,-1.1469133790476178,0.2869663225541632,0.03068649994110737,-1.5510103451270525,-0.1175272224255903,0.6617514007837965,0.493197424870556,1.326039445111327,1.2357652063508164
"Jefferson Davis Parish, LA",0,-0.3298102988639643,-0.346386498165212,-0.08528996569220147,-1.5238429539843306,0.801182137874805,0.040463974880383884,0.6706575083262392,0.44024287538787477,-0.3584437713672226,-0.4633152619684517,-0.20010078737238615,0.5822356904182078,1.4090183713510824,-0.39579592120189067,-0.02759271694816388
"Jefferson Parish, LA",0,-0.3298102988639643,-0.346386498165212,-4.501136359546952,-3.307626477098151,-0.13501588041363793,-0.037043287699362416,-0.4385026053609704,0.44024287538787477,-1.2926572964283283,-0.3781913447628357,-0.049839928396339966,-0.09326939115198266,-0.05708125541817275,1.1869684298586036,-0.3170214331243168
"Jennings County, IN",0,-0.3298102988639643,-0.346386498165212,-0.04818201280266575,0.2599405691294903,0.6088146421446448,0.16477185968629476,0.6706575083262392,0.44024287538787477,-0.3589452279024134,0.3777539674992852,-0.21188266228681427,-0.16131189280750616,0.08596037351962531,-1.5798086774392657,-0.817621561756746
"Jersey County, IL",0,-0.3298102988639643,-0.346386498165212,-0.2708297301398801,-0.63195119242742,0.21928376138253214,0.030773953643795655,0.6706575083262392,0.44024287538787477,0.7412504103069626,0.20020683074789855,-0.20358941818622842,-1.695773882718195,-1.5135856867118054,-1.6190540219643053,-1.532862921002324
"Jim Hogg County, TX",0,-0.3298102988639643,-0.346386498165212,0.3971134218717629,0.2599405691294903,0.4592163367147909,0.036332766347721056,0.6706575083262392,0.44024287538787477,1.0140427654509465,0.15593385513331628,-0.21188266228681427,1.4021916566505332,1.8689711954355566,1.5932778041689923,-0.5306016449622234
"Jim Wells County, TX",0,-0.3298102988639643,-0.346386498165212,-0.15950587147127293,-1.5238429539843306,-0.7103085444599265,0.022060285435035666,-0.2639213354124765,0.06663127785570153,-0.23592122460218554,-0.621487610743189,-0.21188266228681427,0.8957769721979487,1.5217715519200479,1.4817611932969397,0.3168942708081161
"Johnson County, AR",0,-0.3298102988639643,-0.346386498165212,0.3971134218717629,0.2599405691294903,0.18584403964070953,-0.5631858028458442,0.6706575083262392,0.44024287538787477,0.8315125866413691,0.28830331014341326,-0.21188266228681427,0.759592375061294,0.8393566255031643,0.3806871942453799,0.39546701254225436
"Johnson County, IN",0,-0.3298102988639643,-0.346386498165212,0.28578956320315574,0.2599405691294903,1.5593410704207993,0.19978606503952093,0.6706575083262392,0.44024287538787477,-1.09207468235187,1.0355502335875095,-0.21188266228681427,-1.8216803970520836,-0.9467755250614616,-0.7628205875524104,-1.4703201656292741
"Jones County, MS",0,-0.3298102988639643,-0.346386498165212,0.32289751609269146,0.2599405691294903,1.1490657453089332,0.050991214520502086,0.6706575083262398,0.44024287538787477,0.6489824078317915,0.20337810424087777,-0.21188266228681427,0.6247024976575453,1.4369947244245866,0.5345982244288351,0.5105445353813409
"Kane County, IL",0,-0.3298102988639643,-0.346386498165212,-0.011074059913130024,0.2599405691294903,0.5844951539414209,0.025295458710621454,0.6706575083262392,0.44024287538787477,0.8325154997117515,0.6032145135948539,-0.017281218029970884,-0.7523215727316979,-0.7537155679013411,1.2049181561408686,-0.8538109048474334
"Karnes County, TX",0,-0.3298102988639643,-0.346386498165212,0.10024979875547714,-0.63195119242742,-1.5987802773558513,0.14117702020760478,-0.7370929922796076,-1.5523523114503828,0.6484809512966003,-0.36192012387571937,-0.20625855110628116,0.3332511263977028,-0.17330257893013348,1.4490895423884314,1.5068124891504804
"Kauai County, HI",0,-0.3298102988639643,-0.346386498165212,0.32289751609269146,0.2599405691294903,-1.4672868570862996,-0.0969955145589858,-1.7343145948344776,-3.5449474982886398,0.09938604526229433,1.5880859586941727,-0.1856855179746842,-1.6286277254931454,-1.2485810309453085,1.3606399043264819,-0.44789953285957534
"Kendall County, IL",0,-0.3298102988639643,-0.346386498165212,0.3971134218717629,0.2599405691294903,0.8361483074603493,0.036332766347721056,0.6706575083262392,0.44024287538787477,0.6489824078317915,-0.2297878901111601,-0.21188266228681427,-2.045069347891281,-0.9623436333833548,0.6455637472132748,-2.670389752794224
"Kenedy County, TX",0,-0.3298102988639643,-0.346386498165212,0.3971134218717629,0.2599405691294903,-0.5415556240798475,-0.2633959543286607,0.6706575083262392,0.44024287538787477,-0.6337434091871621,-2.4430621109789117,-0.21188266228681427,0.2740127189259442,0.6852169391477786,1.6201630301575605,-1.5005161864489995
"Kingfisher County, OK",0,-0.3298102988639643,-0.346386498165212,0.32289751609269146,0.2599405691294903,0.31164184040739923,-0.15093441479337097,0.6706575083262392,0.44024287538787477,0.8325154997117515,0.6792439227897215,-0.21188266228681427,-1.2468049168764206,0.6858720328147891,0.510586529182823,-1.697263478798607
"Kleberg County, TX",0,-0.3298102988639643,-0.346386498165212,-0.08528996569220147,-0.63195119242742,-0.7368334683329129,-0.06307632656449745,-0.6706836341310931,-1.2676958561877743,-0.49584286200959693,-2.3761657197372497,-0.21188266228681427,1.5661430123667563,0.5575122090023413,1.4350761595891197,1.838653280153199
"Knox County, IN",0,-0.3298102988639643,-0.346386498165212,-0.38215358880848727,0.2599405691294903,1.2527583539797573,0.1391460653274279,0.6706575083262385,0.44024287538787477,-1.09207468235187,0.8324672818393695,-0.21188266228681427,-0.5399277802396468,0.09451512611234984,-1.290251250833257,0.522244418092118
"Kosciusko County, IN",0,-0.3298102988639643,-0.346386498165212,0.13735775164501288,0.2599405691294903,1.6433737342172776,0.05612180492285587,0.6706575083262392,0.44024287538787477,0.9237805891165402,1.0524522473320783,-0.18256862905714494,-0.9224477456356286,-0.423278615276982,-0.21936900629594586,-0.10587869685115531
LA,1,0.459520458696198,0.491444538984067,0.43422130854956215,1.1518323171672016,0.40749935518212965,0.3083672185671846,0.06932873092105951,-0.23443437840808862,-0.881462937571589,-1.3451468350059765,1.5063863854484774,0.19861410082615205,0.21406099846268367,0.4981838104656171,0.430664316018895
"Lackawanna County, PA",0,4.703347770275806,4.713591974663062,0.43422137421612794,1.151832324134796,-1.0131155083494734,-0.4632660413135834,0.6706575083262392,0.44024287538787477,1.1053078548557351,1.0013903742300652,-0.13244711855060948,-0.898047258361619,-0.2046700051034547,-0.046209256480851765,0.014188481849880783
"Lafayette County, AR",0,-0.3298102988639643,-0.346386498165212,0.21157365742408432,0.2599405691294903,0.21326642197587384,-0.816146718015269,0.6706575083262392,0.44024287538787477,-1.183339771756659,-1.3573004701523632,-0.21188266228681427,1.054091317384747,1.0797374663743897,-0.00885335682762954,-0.19127637016658044
"Lafayette Parish, LA",0,-0.3298102988639643,-0.346386498165212,0.32289751609269146,-0.63195119242742,0.35837628445751973,0.036332766347721056,0.6706575083262392,0.44024287538787477,0.5577173184270029,0.8087667228533648,-0.12452014681165435,-0.5227179671745493,-0.5004640632194411,0.633518536155439,0.8278751777280483
"Lafourche Parish, LA",0,-0.3298102988639643,-0.346386498165212,-0.9016649292619875,-3.307626477098151,-0.22073311484206162,-0.1606404632035391,-0.2177145477496424,0.44024287538787477,-0.504768788335999,-1.1121718497632946,-0.17559944742386263,0.1353581949142052,0.290118388097335,0.31022664590052507,0.650857099361319
"Lake County, CA",0,-0.3298102988639643,-0.346386498165212,0.06314184586594142,-1.5238429539843306,-0.8709815885608546,0.06973700759347497,-1.4389486080429597,-0.1575356806636023,0.6178921026499405,0.7787186984185756,-0.21188266228681427,0.9169705382873744,1.129794329518302,0.7212202689556267,0.7109050268033941
"Lake County, IL",0,-0.3298102988639643,-0.346386498165212,-0.04818201280266575,-0.63195119242742,0.1177943322405654,0.03390782400962542,0.6706575083262392,0.44024287538787477,0.8330169562469426,0.5791000615965299,0.05038767847356376,-1.3928493027482878,-1.081378006171303,1.0297508711494685,-0.1508716281580403
"Lake County, IN",0,-0.3298102988639643,-0.346386498165212,0.1744657045345486,0.2599405691294903,1.1704717051487428,0.03654986971726297,0.6706575083262392,0.44024287538787477,-0.0831441335472829,0.9011474536156598,-0.21188266228681427,0.051838812759167636,0.5058368791516973,1.0132575919558962,-0.2870261455863937
"Lamar County, MS",0,-0.3298102988639643,-0.346386498165212,0.24868161031362004,0.2599405691294903,0.34690826937681857,0.1487667580225077,0.6706575083262378,0.44024287538787477,-0.17641504909283615,-0.8284394253503735,-0.21188266228681427,-0.38446181846524363,0.2390981519137016,-0.10844284694633562,-0.6598452022599477
"Lamar County, TX",0,-0.3298102988639643,-0.346386498165212,0.3600054689822272,0.2599405691294903,0.5038907597483995,0.036332766347721056,0.6706575083262398,0.44024287538787477,0.7412504103069627,-1.3357133368084224,-0.19334516620653358,0.36802929030008763,1.712750623314372,0.2731462902911095,0.27399470086860045
"Larimer County, CO",0,-0.3298102988639643,-0.346386498165212,-1.495392175494559,0.2599405691294903,0.4800327916759777,0.043831848655975864,0.6706575083262398,0.44024287538787477,-1.365869950566237,0.5459803261618281,-0.21188266228681427,-1.4982195702417656,-3.0812248318676727,-0.06038009301948215,-0.751838397691741
"Lauderdale County, MS",0,-0.3298102988639643,-0.346386498165212,0.21157365742408432,0.2599405691294903,0.6208031333694426,0.042009844493349095,0.6706575083262378,0.44024287538787477,-1.8231983106605631,-1.1188931183868651,-0.21188266228681427,0.8715557538100346,1.093147619087308,0.38336390781378804,1.5702728823831982
"Lauderdale County, TN",0,-0.3298102988639643,-0.346386498165212,0.32289751609269146,-0.63195119242742,1.9081851946160515,-0.47142811943342294,0.5574716862981707,0.44024287538787477,0.2367851359046689,0.15830606758869428,-0.21188266228681427,1.5907426872919819,1.1385032217973807,0.2409863640353852,1.1647916531420603
"Lavaca County, TX",0,-0.3298102988639643,-0.346386498165212,-0.23372177725034438,-0.63195119242742,-0.8731875689326003,0.08405198511002587,-0.38453158189401043,-1.5523523114503828,0.19115259120227437,0.10457545547438045,-0.21188266228681427,-0.9475453896888955,0.9851342338737709,0.5131057890119125,0.19413153089430293
"Lawrence County, AL",0,-0.3298102988639643,-0.346386498165212,0.3600054689822272,-0.63195119242742,0.7153370315269693,0.036332766347721056,0.6706575083262392,0.44024287538787477,1.1063107679261177,0.28830331014341326,-0.21188266228681427,0.3401031815995474,-0.31934993175186277,-0.5570679136984673,-1.6575756413679328
"Lawrence County, AR",0,-0.3298102988639643,-0.346386498165212,0.28578956320315574,0.2599405691294903,0.7945392790890805,-0.6033158422236802,0.6706575083262398,0.44024287538787477,-0.9998066798766994,-1.2065463686130864,-0.20561407832200332,0.8355227077049867,0.31150526957914426,-1.7958352077837159,-0.057846090134118205
"Lawrence County, IL",0,-0.3298102988639643,-0.346386498165212,0.1744657045345486,-0.63195119242742,0.35871460963638485,0.012029809613417253,0.33207004326143263,0.44024287538787477,-0.12927813478486863,0.3446264115839617,-0.2058240338688536,0.16284609078206963,-0.6291321664045998,-0.13780796932916375,0.5116915827059267
"Lawrence County, IN",0,-0.3298102988639643,-0.346386498165212,-0.19661382436080865,0.2599405691294903,1.0336855021796938,0.040654592046909875,0.6706575083262392,0.44024287538787477,-1.6396652187806025,0.6021051554171916,-0.21188266228681427,-0.6424895018509729,-0.006138089077717567,-1.6868772201755824,-0.7445259709975057
"Leake County, MS",0,-0.3298102988639643,-0.346386498165212,0.3600054689822272,0.2599405691294903,0.15403681525259968,0.05941519668558847,0.6706575083262385,0.44024287538787477,0.46544931595183187,-0.10097675378413044,-0.21188266228681427,1.4405352795096922,1.9666572216632818,0.9969611299364723,1.2856330887871916
"Lee County, AR",0,-0.3298102988639643,-0.346386498165212,0.3600054689822272,0.2599405691294903,0.0769868236934997,-0.6531815897935515,0.6706575083262392,0.44024287538787477,-0.8162735879967398,-1.8552278645362235,-0.21188266228681427,1.8624346435511565,0.6538109780528683,0.4128077570662749,1.0372399906481007
"Lee County, FL",0,0.1881421867078302,0.3059441745470858,0.43422133186646983,1.151832272329062,-1.457355592512378,-0.0031370562552188613,-1.6475750496064863,-1.1387948198424427,0.8632715005368083,1.3489070136142418,0.048096751445335734,-0.29580339490882207,-0.3447059101573236,0.8919394858112909,0.16620092854063434
"Lee County, TX",0,-0.3298102988639643,-0.346386498165212,0.13735775164501288,-1.5238429539843306,-1.5748470133258077,0.03487242691063778,-1.122320112778759,-1.8014267098051648,0.19131974338067137,-0.5947290542465247,-0.21188266228681427,-0.37677317512828995,0.12649911103109254,0.9038272431298081,0.20391010933639814
"Leon County, TX",0,-0.3298102988639643,-0.346386498165212,-0.4563694945875587,-1.5238429539843306,1.35156985132155,0.1024571889545997,-0.0948874507762919,-0.3069803196764717,0.37384992219024904,-0.6150351928645604,-0.21188266228681427,-0.09826900119751424,1.0354993763903937,0.5692774105136489,-1.1576637411302553
"Lewis County, TN",0,-0.3298102988639643,-0.346386498165212,0.3600054689822272,0.2599405691294903,1.9103472396488301,-0.7130654451442356,0.6706575083262392,0.44024287538787477,1.288840946735695,1.197097901798757,-0.21188266228681427,0.7485573791839051,0.13362807152502967,-1.2470301993904351,-0.640976273770508
"Lexington County, SC",0,-0.3298102988639643,-0.346386498165212,-0.23372177725034438,-0.63195119242742,-0.17876813506406797,-0.12540259050576752,-0.5201341094104495,-1.5523523114503828,-0.5871079514143855,-0.38692324315540455,-0.10760032776449155,-0.9207944881305326,-0.4961096170799017,0.3669887189247046,-0.467083899363276
"Liberty County, FL",0,-0.3298102988639643,-0.346386498165212,0.24868161031362004,-0.63195119242742,-1.8818295147808253,-0.20593752537779406,-2.3742332847131986,-4.341985573023942,1.2908467728764594,1.458278493135884,-0.21188266228681427,1.1422916093433702,-0.5855106351660251,0.3558095034331183,0.8615696928877602
"Liberty County, TX",0,-0.3298102988639643,-0.346386498165212,-1.9035796572794519,-2.415734715541241,-0.8653812110578325,0.029100504717860062,-1.0842045190194798,0.15558642012526694,-0.22104468072484823,-1.6093480435362852,-0.18131635423241452,1.143426978955304,0.45974911293143783,0.8976865472964018,1.7719811544116393
"Lincoln County, AR",0,-0.3298102988639643,-0.346386498165212,0.28578956320315574,0.2599405691294903,0.45077213213301104,-0.6968595600377089,0.6706575083262392,0.44024287538787477,-0.9998066798766994,-1.1403616411080375,-0.21188266228681427,0.8263999132792751,-1.0737866266183003,0.1898926256266576,1.3509861101054763
"Lincoln County, MS",0,-0.3298102988639643,-0.346386498165212,0.3971134218717629,0.2599405691294903,0.358746180893767,0.036332766347721056,0.6706575083262392,0.44024287538787477,1.108316594066882,0.41924943768028367,-0.21188266228681427,0.5545486068991278,0.27408786071637553,-0.15926104131125654,0.05040650112368146
"Linn County, IA",0,-0.3298102988639643,-0.346386498165212,-1.1614205994887374,0.2599405691294903,-1.8012747003162408,0.028303955096575455,-2.075406517628392,-1.0889580819531135,0.9237805891165402,1.1538643297994915,-0.21188266228681427,-2.1424123530407373,-1.1110498957947141,-0.4208704291883002,-0.5590770947950701
"Little River County, AR",0,-0.3298102988639643,-0.346386498165212,0.3600054689822272,0.2599405691294903,-0.3799306044567149,-0.7608142033412959,0.6706575083262392,0.44024287538787477,-0.9085415904719107,-0.6219146089851573,-0.21188266228681427,0.004252882883568556,0.6335030743755465,-0.6490208974602449,-0.8468712685336888
"Livingston County, IL",0,-0.3298102988639643,-0.346386498165212,0.3971134218717629,0.2599405691294903,-0.013381161255014318,0.015885525952121258,0.6706575083262392,0.44024287538787477,0.6489824078317915,0.15878051007976976,-0.1980462312573232,-1.0302082649437032,-0.3618539502643597,-0.8839025130880388,-0.29605914326750854
"Livingston Parish, LA",0,-0.3298102988639643,-0.346386498165212,-0.6048013061457016,-3.307626477098151,-0.43474028824761307,0.01891288428738846,-0.5578157191499992,0.2267505339409194,-0.17521155340837716,-0.18777337173479736,-0.21188266228681427,-0.8041501995782065,0.20846288925056913,-0.6920057682940893,-0.3883677767135643
"Logan County, AR",0,-0.3298102988639643,-0.346386498165212,0.28578956320315574,0.2599405691294903,-0.16908534663839309,-0.5971725707915708,0.6706575083262392,0.44024287538787477,-0.9998066798766994,-0.9475007684857994,-0.21188266228681427,0.3246063823349105,0.9845562100499385,-0.5947387208303256,-0.4689191750826133
"Lonoke County, AR",0,-0.3298102988639643,-0.346386498165212,0.32289751609269146,0.2599405691294903,-0.10571620144217078,-0.9024919351334464,-0.7738835220946296,0.44024287538787477,-1.7319332212557736,-2.0933979950561823,-0.1853489551309322,-0.8163803213628934,0.20380016373831897,-0.550336766342618,-1.166811443543828
"Lowndes County, MS",0,-0.3298102988639643,-0.346386498165212,0.32289751609269146,0.2599405691294903,0.8596555867030964,0.041201754608312595,0.6706575083262398,0.44024287538787477,0.19165404773746558,-1.0102457879305498,-0.21188266228681427,1.0026411470755499,-0.017698565554371288,0.4435505996681369,0.39509422216176376
"Luzerne County, PA",0,2.1623693580818837,2.1041304476962126,0.4342213377359319,1.1518323130644839,0.5673955872843527,0.032904808643899816,0.6537291811036064,0.38105687973921293,-0.5871079514143855,-0.3094942286118638,-0.09259360277655058,-0.462065327379154,0.14965859890598807,0.1389957043920779,0.05869391804381586
"Lycoming County, PA",0,-0.3298102988639643,-0.346386498165212,0.24868161031362004,0.2599405691294903,-0.9436781148779183,-0.017839533688754006,-1.601124552403497,0.44024287538787477,-0.541475406711991,-0.4131124686627787,-0.1688560705572195,-0.5297891287927315,-0.7211150242371769,-1.0906392728127206,0.43154165090048313
MD,1,0.2298680201740269,0.3946751942005189,0.43422137414780254,1.151832328579913,0.7446412066328059,0.022472357892175256,0.10904014202664122,0.44024287538787477,-1.7319332212557736,-0.12280110837360882,2.0099210704452863,-1.3100355469299108,-1.0785747273430653,0.8233320956153815,-0.23436614434432446
MO,1,0.8864696696937443,0.9210166414321308,0.4342213732554085,1.1518323278289673,-0.4752754297545552,-0.03779941808015347,-0.5308462102179595,-0.97554844157615,0.5272956219587399,0.7153584852103975,2.049190962008296,-0.6641788535653756,-0.5740562320816998,-0.3135170459308969,-0.504092547259321
MS,1,-0.1831790326466486,-0.09491462887524213,0.43422119517110963,1.1518322984740095,0.5952906059997715,11.374561716030273,-0.8252372762943951,0.30641185537635096,-0.6788744973543653,-0.8924492863233743,0.8972501514586836,0.6660804393669547,0.44742249038931026,0.2996694569843495,0.19266193609974047
"Macoupin County, IL",0,-0.3298102988639643,-0.346386498165212,0.28578956320315574,0.2599405691294903,-0.28765408634202927,0.15043922911139593,0.6706575083262398,0.44024287538787477,0.5567144053566206,0.19151704196398747,-0.21188266228681427,-0.8938443989209532,-0.6546422844964154,-1.792331862083888,-1.6345773425099837
"Madison County, AR",0,-0.3298102988639643,-0.346386498165212,0.3971134218717629,0.2599405691294903,1.0413374517091842,-0.8379651470595617,0.6706575083262392,0.44024287538787477,-0.6327404961167796,-1.6602320007041442,-0.21188266228681427,0.3696028727446969,-0.11430561397761,-0.29970977678301247,-1.141920516600313
"Madison County, IL",0,-0.3298102988639643,-0.346386498165212,0.32289751609269146,0.2599405691294903,-0.713617031108057,0.036332766347721056,0.6706575083262392,0.44024287538787477,0.9247835021869223,0.5501955652171536,-0.11254310895551228,-1.1214760467310594,-1.018874363354194,-0.6632704608685341,-1.1187788368267908
"Madison County, IN",0,-0.3298102988639643,-0.346386498165212,0.21157365742408432,0.2599405691294903,1.5866627297805524,0.02746365244693295,0.6706575083262392,0.44024287538787477,0.6469765816910271,0.6344091073830755,-0.16330760055505134,0.020048463625029368,0.5010585488746809,-0.44594493717470945,0.01335687253955586
"Madison County, MS",0,-0.3298102988639643,-0.346386498165212,0.3600054689822272,0.2599405691294903,0.007125928580708779,0.04153604211238274,0.6706575083262392,0.44024287538787477,-0.4502103173072024,-0.4916801451849006,-0.21188266228681427,-1.4445783357691884,-0.5204636875240521,0.7328324822303381,-0.7151615594881052
"Madison County, TX",0,-0.3298102988639643,-0.346386498165212,-0.23372177725034438,-1.5238429539843306,-0.26446334977382113,0.01242483209945577,-0.016752197914119738,0.10814367758149841,-0.08381274226087132,-0.7742525111931723,-0.20672016740185753,0.39808670686864295,-0.5870905669511695,1.0607692577951364,2.0123449212786295
"Madison Parish, LA",0,-0.3298102988639643,-0.346386498165212,0.3600054689822272,0.2599405691294903,0.18284724531829966,0.036332766347721056,0.6706575083262392,0.44024287538787477,-0.7230026724511862,-1.3357133368084224,-0.21188266228681427,1.8222584943008084,0.7611307346778067,0.22102910257681377,2.2075723759231596
"Marion County, AL",0,-0.3298102988639643,-0.346386498165212,0.0260338929764057,-0.63195119242742,-0.10017572025617226,-0.008950191722350514,0.6706575083262392,0.44024287538787477,0.6018454935238238,0.39440590360214217,-0.21188266228681427,0.8545451283961537,0.36695702174549527,-1.0067951566258255,-0.2018865579190006
"Marion County, AR",0,-0.3298102988639643,-0.346386498165212,0.28578956320315574,0.2599405691294903,0.4165844993478381,-0.8708713969944187,0.6706575083262392,0.44024287538787477,-0.7240055855215687,-1.6602320007041442,-0.21188266228681427,0.4922626283637584,-0.35383868657387946,-1.7805228316350294,-1.1959177694051966
"Marion County, IN",0,0.22495771210162685,0.631675524346983,0.4342213691333803,1.151832317159667,1.291618916161853,0.048288447085952396,0.6706575083262392,0.44024287538787477,0.46544931595183187,0.6139606360177168,0.13717626573095706,0.4494173645871095,0.2745888146970297,1.0805690655143887,0.23780535777791384
"Marion County, MS",0,-0.3298102988639643,-0.346386498165212,0.3971134218717629,0.2599405691294903,1.1795244705486705,0.03658671635518127,0.6706575083262392,0.44024287538787477,1.3831147753516306,-0.49025681771167384,-0.21188266228681427,1.5537734592262178,0.9701441493757099,-0.2209829071239566,0.9687039130040896
"Marion County, SC",0,-0.3298102988639643,-0.346386498165212,0.3971134218717629,0.2599405691294903,-1.95760275180355,0.036332766347721056,-2.394597670482471,0.44024287538787477,0.7392445841661979,0.2868799826701862,-0.20009320460840876,1.545208390223912,1.0529942307917297,0.8747376647907866,-0.04746531184661523
"Marion County, TX",0,-0.3298102988639643,-0.346386498165212,0.28578956320315574,-1.5238429539843306,-0.3927562718696007,0.036332766347721056,0.6477235306805553,0.44024287538787477,0.6028484065942062,0.2868799826701862,-0.21188266228681427,0.7043576393789847,-0.03615679299542855,0.018819137857528537,-0.594320123842974
"Marlboro County, SC",0,-0.3298102988639643,-0.346386498165212,0.3971134218717629,0.2599405691294903,-1.897104695799307,0.036332766347721056,-2.322859487415652,0.44024287538787477,0.9237805891165402,0.5487722377439268,-0.21188266228681427,1.9090843914660394,0.2697719494984242,0.6981532961455238,1.719761824959862
"Marshall County, IA",0,-0.3298102988639643,-0.346386498165212,0.24868161031362004,0.2599405691294903,-1.2869770913457979,0.02759222967257044,-1.2759089196845879,-0.7553142367150794,0.9237805891165402,1.002813701703292,-0.21188266228681427,-0.7116474543533085,0.19154605867306557,0.7750300843675922,0.5856761351417217
"Marshall County, IN",0,-0.3298102988639643,-0.346386498165212,0.10024979875547714,0.2599405691294903,0.9609282248415643,0.03610512492791694,0.6706575083262392,0.44024287538787477,0.46544931595183187,0.7206785670103253,-0.21188266228681427,-0.29648063292295807,-0.4325269964583052,-0.0763616475602701,-0.004049570611036322
"Martin County, IN",0,-0.3298102988639643,-0.346386498165212,-0.04818201280266575,0.2599405691294903,1.5663751806178727,0.14415871314633616,0.6706575083262398,0.44024287538787477,0.09938604526229433,0.958143116389711,-0.21188266228681427,-0.9118310438257943,-0.7433496739939407,-2.076693315292399,-1.1299338720583891
"Matagorda County, TX",0,-0.3298102988639643,-0.346386498165212,-0.4563694945875587,-1.5238429539843306,-0.7802902798407868,0.062154176296251494,-0.5048220785694066,0.19116847703309284,-0.6029874083621051,-1.5541631620471532,-0.19822361821135243,0.9655524064190557,1.1275207691445603,1.370087128685568,0.455629644716788
"Mendocino County, CA",0,-0.3298102988639643,-0.346386498165212,0.06314184586594142,-0.63195119242742,-1.0673736558279947,0.11456192279155623,-0.6204090865555831,-2.548649904869511,0.5115833171894174,1.43208926762851,-0.21188266228681427,0.587992213538362,0.9214745434089973,0.941734230870644,1.2101286986463202
"Mercer County, IL",0,-0.3298102988639643,-0.346386498165212,-0.6048013061457016,-0.63195119242742,0.0458473883824319,-0.0756198024080215,-0.6266522574007546,0.44024287538787477,-1.4110010387334395,-0.06849438752013119,-0.2059398885578201,-1.6147642649684837,-0.7913256513720547,-1.7981182870038284,-2.213004632115571
"Mercer County, NJ",0,1.69097506761336,2.2409987944233807,0.43422137437143477,1.1518323213160002,0.5010879383417375,0.03274542915546664,-0.22561246611264052,-5.537542685126898,0.649985320902174,1.5880859586941727,-0.0735499882776785,-0.7511662843546436,-1.480792468439697,1.2873845521087295,1.1598306734632255
"Miami-Dade County, FL",0,-0.11876325064506767,0.251332350509681,0.4342213579556115,1.1518323054410478,-0.6320008297391893,0.03520453088867186,-2.2323757981932895,0.44024287538787477,1.1529462256988943,1.4055708976429522,0.7713864005033729,0.749613073735352,-0.9585286761460597,1.6508271458897628,1.1262508630359716
"Middlesex County, NJ",0,-0.3298102988639643,-0.346386498165212,-0.7161251648143089,0.2599405691294903,0.31426849761239783,0.03676525538784063,0.6706575083262392,0.44024287538787477,-0.26667722542724254,0.8916105036337619,0.09681290231012118,-1.1643412292728295,-2.0115339434828807,1.387052769097095,1.1358573843793784
"Milam County, TX",0,-0.3298102988639643,-0.346386498165212,-0.08528996569220147,-1.5238429539843306,-0.9038068253342605,-0.06057503582365314,-0.6115705784941617,-0.8407111732938621,-0.0834784379040769,-0.2796043516740999,-0.20266929328523034,0.4051180309565819,1.6283591450347976,0.7885317425141207,0.14913859958741793
"Miller County, AR",0,-0.3298102988639643,-0.346386498165212,0.32289751609269146,0.2599405691294903,0.4225112925207613,-0.8987817391247929,0.6706575083262392,0.44024287538787477,-0.8162735879967398,-1.3575376913979011,-0.19570980764523063,0.7465057463763759,0.7296862386613082,-0.2627081480432565,1.520577057045512
"Miller County, MO",0,-0.3298102988639643,-0.346386498165212,0.3971134218717629,0.2599405691294903,-0.21989532945319012,0.036332766347721056,0.6706575083262392,0.44024287538787477,0.8325154997117515,0.41924943768028367,-0.21188266228681427,0.23700365332993645,0.14892643539580133,-1.8140211146749579,-0.2931628487729291
"Mills County, IA",0,-0.3298102988639643,-0.346386498165212,-0.2708297301398801,0.2599405691294903,-0.7281973215598287,0.03414484731342286,-0.2776718794026767,-0.818238295246814,0.09938604526229433,0.1752911087692017,-0.21188266228681427,-2.120521630172054,-0.6285926775023569,-1.5422953240467256,-1.405540667973282
"Mississippi County, AR",0,-0.3298102988639643,-0.346386498165212,0.32289751609269146,0.2599405691294903,0.831220580222189,-0.734920324962076,0.6706575083262398,0.44024287538787477,0.2839220502126366,-2.0933979950561823,-0.1956613276788176,1.371835458605154,1.6091302191619645,0.4695698300904545,0.3777164551942864
"Mississippi County, MO",0,7.938617284159417,6.199432818867419,0.43422137217237183,1.1518322684613984,0.2776429651329332,0.036332766347721056,0.6706575083262392,0.44024287538787477,0.7412504103069627,0.28972663761664014,-0.206791519967809,1.771963612368665,1.1130701735487416,-0.24322324780263987,0.8116731342682709
"Monmouth County, NJ",0,0.23539046548315992,0.16808379092633213,0.434221278549013,1.151832310921719,0.907426276183877,0.03765358810110619,0.6706575083262392,0.44024287538787477,-0.6327404961167796,0.8601524941944778,0.022599894032661518,-1.7761062624537707,-2.0550013350351,0.5540831246694511,-0.7692448408423332
"Monroe County, AR",0,-0.3298102988639643,-0.346386498165212,0.3971134218717629,0.2599405691294903,0.7752582328113173,-0.6863647541729884,3.787392762292536,0.44024287538787477,-0.8162735879967398,-2.1811698559051718,-0.21188266228681427,1.4005583179105598,1.2981534019399716,0.13257946451486421,0.352739499701427
"Monroe County, FL",0,-0.3298102988639643,-0.346386498165212,-0.011074059913130024,-0.63195119242742,-0.9316840689201199,0.022357942814249077,-0.9060017758485661,-0.05790592132168978,0.8776465878789547,1.31633392603317,-0.21188266228681427,-1.2642537551229773,-1.8080695574937713,0.8774143783591948,1.7167221495497116
"Monroe County, IL",0,-0.3298102988639643,-0.346386498165212,0.3600054689822272,-0.63195119242742,-0.862366414527199,-0.012415274625740892,0.6706575083262392,0.44024287538787477,0.6489824078317915,0.22496523758481857,-0.21188266228681427,-2.591381318882512,-2.2069830657815106,-1.8382689905299474,-3.089750254662852
"Monroe County, IN",0,-0.3298102988639643,-0.346386498165212,0.3971134218717629,0.2599405691294903,0.5906320423225484,0.036332766347721056,0.6706575083262392,0.44024287538787477,1.2898438598060773,1.0682867654717272,-0.21188266228681427,-0.2331389598361417,-3.543643890933831,-0.10899393503394922,0.9143625460018296
"Monroe County, NY",0,-0.3298102988639643,-0.346386498165212,0.0260338929764057,0.2599405691294903,1.5757436369725657,0.06613378444422266,0.6686069106861817,-0.1031921755680131,-0.998803766806317,0.8223357780981274,-0.21188266228681427,-0.9026086555744746,-0.5243171796829373,0.6009649755514194,0.20654831818294633
"Monroe County, TN",0,-0.3298102988639643,-0.346386498165212,0.3600054689822272,0.2599405691294903,1.9103472396488301,-0.7130654451442356,0.6706575083262392,0.44024287538787477,1.288840946735695,1.197097901798757,-0.21188266228681427,1.0652259070877443,0.07108589378633166,-0.7553021714999706,-0.6725200751966216
"Montgomery County, AR",0,-0.3298102988639643,-0.346386498165212,0.32289751609269146,0.2599405691294903,0.0006117436117060588,-0.6297989772006849,0.6706575083262392,0.44024287538787477,0.9227776760461578,0.24465460096445651,-0.21188266228681427,0.49580816855540977,0.16788561681751382,-0.8644963397170815,-0.8683210535034462
"Montgomery County, IL",0,-0.3298102988639643,-0.346386498165212,0.3971134218717629,0.2599405691294903,0.22446757298510547,0.036332766347721056,0.6706575083262398,0.44024287538787477,0.9227776760461578,0.28972663761664014,-0.20099145137071786,-0.48399588777808045,-1.0574863547862177,-1.322962265176595,-0.24564641335195525
"Montgomery County, IN",0,-0.3298102988639643,-0.346386498165212,-0.19661382436080865,0.2599405691294903,1.4248067745667439,0.06364875892692375,0.6706575083262392,0.44024287538787477,-1.6396652187806025,0.86182055670835,-0.21188266228681427,-0.8561580953108093,0.01937202901409861,-0.496133316582358,-0.5778599947351652
"Montgomery County, NY",0,-0.3298102988639643,-0.346386498165212,0.0260338929764057,0.2599405691294903,1.741418223404482,-0.0006816568899909049,0.6691374784929974,0.44024287538787477,0.46645222902221406,-0.28956764398668766,-0.21188266228681427,0.35414591101030407,0.9014363841827961,0.20677953916852512,0.4074823332672916
"Montgomery County, OH",0,1.8324583702221797,2.0115922267612873,0.4342213742554453,1.1518323246072943,-0.0031324234846302756,-0.23612009661788236,0.5658932981088847,0.44024287538787477,0.9227776760461578,1.002813701703292,-0.01260725203733006,-0.17977658807526675,0.36364301848885433,0.2440173485172588,0.11834037892228551
"Montgomery County, TX",0,-0.3298102988639643,-0.346386498165212,-2.163335327506202,-3.307626477098151,-0.9376938603225485,0.053506930034142225,-0.9214788110602432,0.2694490022303098,-0.0836455900824739,-0.7497629061391222,-0.21188266228681427,-1.1170739996391768,-0.7641199967303295,0.8761153850098208,-0.18958447536281653
"Morehouse Parish, LA",0,-0.3298102988639643,-0.346386498165212,0.32289751609269146,-0.63195119242742,0.2692333525571959,0.036332766347721056,0.6706575083262392,0.44024287538787477,-1.090068856211106,-0.7943744544911434,-0.21188266228681427,1.3304442646823853,0.8511483115093516,0.05164824250535527,1.4393661064648255
"Morgan County, CO",0,-0.3298102988639643,-0.346386498165212,0.3971134218717629,0.2599405691294903,-0.44580623205810815,0.036332766347721056,0.6706575083262392,0.44024287538787477,0.8325154997117515,0.41924943768028367,-0.21188266228681427,-0.025326483322067477,0.590343962196038,1.1623269196553192,0.7866388264091833
"Morgan County, IN",0,-0.3298102988639643,-0.346386498165212,0.32289751609269146,0.2599405691294903,1.0111090962357205,2.3972429298682534,0.6706575083262392,0.44024287538787477,-0.9075386774015284,0.3329009043045213,-0.21188266228681427,-1.0552063151713615,-0.9509372965930576,-1.7984331944824647,-1.9743614362354613
"Muscatine County, IA",0,-0.3298102988639643,-0.346386498165212,0.3600054689822272,0.2599405691294903,-0.3221499749062656,0.036332766347721056,0.6706575083262392,0.44024287538787477,1.2898438598060773,0.8071061741346001,-0.21188266228681427,-1.1550790034912666,0.15081464655365487,0.4615003259504013,-0.5277627028338728
"Muskogee County, OK",0,-0.3298102988639643,-0.346386498165212,0.3600054689822272,0.2599405691294903,-1.614969495281494,0.12438519980258027,-1.9782743000865657,0.44024287538787477,0.9227776760461578,0.7423447741027784,-0.1860899527714144,0.7478203848744048,1.3267463137588962,0.6789833033835438,1.4687305179742252
NC,1,0.9178314636736482,1.096440616251006,0.43422137211333306,1.1518323284335157,-0.443456411543389,-0.12603793578287442,-0.7840660841032708,-0.670673025238764,0.09963677352989016,0.3645266825919851,3.5157591096606904,-0.12323719973249343,-0.3431951492116147,0.6719039266276599,0.1375394473559913
NE,1,2.4496569585147,2.130395275824064,0.43422137169715097,1.1518323293473651,-0.7154542741005249,-0.19196851268071716,-1.4209270626267683,-2.7116804201562776,0.37418422654704303,1.2402816573364597,0.4919175430427602,-1.400304018934157,-0.6330055870338489,0.05817741533732151,-0.4804989324195039
NJ,1,1.1675454452319278,1.2991838685971087,0.4342213526437208,1.151832329108961,-0.3881968028649452,0.07026442318463981,-0.4825152067383941,0.06773991761098962,-0.998803766806317,0.5776519140386165,3.1150695146434675,-0.9493439459805696,-1.2426686390720494,1.0101864862397705,0.14669396613136082
NY,1,3.8988922154008256,6.6057677162410995,0.4342213695768003,1.1518323302628464,1.6381950725354744,0.13286511268780316,0.3300378488706235,-0.05147164046684224,-1.932716417946309,0.01546743668654505,7.100463791712079,-0.5149424807305566,-1.263350962423876,0.8392407313921588,0.7150716611105581
"Nacogdoches County, TX",0,-0.3298102988639643,-0.346386498165212,-0.49347744747709443,0.2599405691294903,0.5414203357422054,0.0006682060278571773,0.6706575083262378,0.44024287538787477,-0.9095445035422928,-2.072598436247428,-0.18767841751707826,1.2257910727332875,0.2401771297181892,1.0549434694403668,2.4385303547285435
"Napa County, CA",0,-0.3298102988639643,-0.346386498165212,0.28578956320315574,-0.63195119242742,-0.12428582917533451,0.036756321994378685,-0.1059634949720019,0.44024287538787477,0.46544931595183187,0.970433001687381,-0.21188266228681427,-0.9499157227383708,-1.2397179989798726,1.301043663994576,0.8652402443264364
"Nassau County, NY",0,-0.3298102988639643,-0.346386498165212,-1.6809319399422376,0.2599405691294903,1.720447079841726,0.01846685229114736,0.6665705185203187,0.1256225827292029,-1.365869950566237,0.48155955150821445,0.29391827467839443,-1.9491007375352172,-1.976004745777964,1.0605330771861596,-0.08460096898008611
"Natchitoches Parish, LA",0,-0.3298102988639643,-0.346386498165212,0.28578956320315574,0.2599405691294903,-1.817914305684409,0.036332766347721056,-2.354784727539206,0.44024287538787477,1.0150456785213289,1.2632826293038055,-0.19741095723590324,1.3390292524498129,0.005499457242114351,0.18150821400796827,1.6970789641161759
"Navarro County, TX",0,-0.3298102988639643,-0.346386498165212,0.13735775164501288,-0.63195119242742,0.263582193089065,0.14735472360578877,0.64714857213047,0.44024287538787477,0.37318131347666084,-0.6050125952405885,-0.19357059805035418,1.1393635508704893,1.8039627827151716,1.192400583865078,1.0374694001130187
"Neshoba County, MS",0,-0.3298102988639643,-0.346386498165212,0.3971134218717629,0.2599405691294903,0.7027869931042126,-0.030318874500540948,0.6706575083262385,0.44024287538787477,1.1063107679261177,0.15878051007976976,-0.21188266228681427,1.297817327413139,1.7070474549192223,0.4347725537011513,0.6663422382432292
"Nevada County, AR",0,-0.3298102988639643,-0.346386498165212,0.32289751609269146,0.2599405691294903,0.49445198565495707,-0.8720287021273779,0.6706575083262392,0.44024287538787477,-0.9085415904719107,-1.703880709883101,-0.21188266228681427,0.7902672733486199,1.1309118422443776,-0.37450030295911596,0.47785368663064076
"Nevada County, CA",0,-0.3298102988639643,-0.346386498165212,0.32289751609269146,-0.63195119242742,-1.3997651858337807,0.03360011252864609,-1.7246217099784413,-3.5449474982886398,1.01554713505652,1.3287556930722406,-0.21188266228681427,-1.360043096592946,-1.2578294121266316,-0.09698808741094342,-1.4539747412539246
"Newport County, RI",0,3.6577270946954648,3.4224399587719967,0.43422136860492744,1.1518323095480103,0.3848081745490425,0.036332766347721056,0.6706575083262392,0.44024287538787477,-0.5424783197823735,0.5847620895669486,-0.18080656873944057,-1.8331137682319054,-1.6268398212614261,-0.22243935421264896,-0.2914422777860496
"Newton County, AR",0,-0.3298102988639643,-0.346386498165212,0.3971134218717629,0.2599405691294903,0.2889453487461177,-0.836164612215203,0.6706575083262392,0.44024287538787477,-0.7240055855215687,-1.7897548007677881,-0.21188266228681427,0.03446964957309701,-0.568362595058988,-1.757692039433903,-1.7506872079411986
"Newton County, IN",0,-0.3298102988639643,-0.346386498165212,0.1744657045345486,0.2599405691294903,1.0611999009399151,0.12189101773162964,0.6706575083262385,0.44024287538787477,-1.7319332212557736,0.8450276846712869,-0.21188266228681427,-0.43820264676342907,-0.0811655814112015,-0.6667344431335325,-2.6595788317600015
"Newton County, MO",0,0.14054907876554565,-0.036217395003840906,0.4342213322171611,1.151831819411015,-0.5386170002178888,0.033532894505783964,0.021831278940611824,-1.0542035147408182,0.37468568308223427,0.9819382320959649,-0.1900981272253163,-0.3049859456298985,-0.2876356912842417,-0.19634139692067185,-0.2441265756468788
"Newton County, MS",0,-0.3298102988639643,-0.346386498165212,0.28578956320315574,0.2599405691294903,0.2393327646610347,0.03850329761058637,0.6706575083262398,0.44024287538787477,0.18964822159670094,0.1584246782114633,-0.21188266228681427,0.5208858938435553,1.3403106061581707,0.07219595548636902,0.6334793323938416
"Newton County, TX",0,-0.3298102988639643,-0.346386498165212,-1.8664717043899162,-4.199518238655061,-0.41457331694063854,-0.01054227826155737,-0.21211031064444935,-0.4275001898481404,-0.25146637719311105,-2.0664442905160185,-0.21188266228681427,1.0455063296173202,0.19424350318428504,-0.17945448337880457,-0.4890785318122115
"Nicholas County, WV",0,-0.3298102988639643,-0.346386498165212,0.3600054689822272,0.2599405691294903,-1.9391972141240694,0.036332766347721056,-2.422199150731768,0.44024287538787477,0.7392445841661979,1.0675751017351136,-0.21188266228681427,0.11577804879963287,-0.3827013428439257,-2.149909304075321,-0.5349317486125362
"Noble County, IN",0,-0.2502606376445746,-0.2946388303655895,0.43422075629670565,1.151830472582435,1.746162386102361,0.012491535506714483,0.6706575083262392,0.44024287538787477,-1.1823368586862766,0.20788530790609602,-0.19416143210256218,-0.46634786188030714,-0.06394047146098719,-0.025661543499838537,0.05921008933987987
"Norfolk County, VA",0,-0.3298102988639643,-0.346386498165212,0.10024979875547714,0.2599405691294903,0.47257227411153513,0.06785310826670436,0.7175794607611214,-0.88815391583763,-0.44820449116643757,-1.1602373926091696,-0.21188266228681427,0.4881195252184566,-1.2254600779920004,0.9669661925963715,1.4765017635982964
"Nueces County, TX",0,-0.3298102988639643,-0.346386498165212,-0.2708297301398801,-1.5238429539843306,-0.7361676082420342,-0.018654694729442707,-0.7299917341869059,-0.18899770992946963,-0.17541213602245373,-0.20877287859469335,-0.08048647701053356,0.4674239282570725,0.453583525477222,1.396893627804477,0.920556601554594
OH,1,1.9203731978564318,2.19439718733244,0.4342213747054403,1.151832330417889,-1.9611230969309117,0.036332766347721056,-2.405565091674941,0.44024287538787477,1.1985787704012887,1.328399861203934,4.123443865886838,-0.6899355208452388,-0.46290655189806246,-0.26720918597618953,-0.4079487942151809
OK,1,1.6409222961188155,1.2596522854151793,0.43422137407121475,1.1518323288434889,-0.2397949245603109,0.007682959597858031,-0.756946324626125,-0.5560547180312537,-0.5409739501767998,0.8081462980573431,1.2305675722283407,-0.27353110039055417,0.2867958885024562,0.49516632953371187,0.03125587859869724
OR,1,0.08221665082500902,0.284539353431111,0.43422136470952727,1.1518323264478938,-1.456601773211759,0.06572679925782776,-2.1438791957706185,-3.8595677909473123,1.016048591591711,1.3379598773991077,1.2880252204216236,-0.5566134468534419,-0.8883642100646256,0.3759233643642821,0.5593575124233896
"Obion County, TN",0,-0.3298102988639643,-0.346386498165212,0.3600054689822272,0.2599405691294903,1.4390551213672986,-0.7130654451442358,0.6706575083262392,0.44024287538787477,1.288840946735695,1.131624838030322,-0.21188266228681427,0.5709815881244811,1.0034383216284737,-0.10726194390145018,-0.6305668192998902
"Ocean County, NJ",0,-0.3263962665689246,-0.34229507648389496,0.4342091449376408,1.1518288725157149,0.9510495585396223,0.03971656462576898,0.6706575083262378,0.44024287538787477,-0.0831441335472829,0.8664086946808696,0.009981615390002536,-1.190076273809989,-0.23854220118005096,0.07148741365943707,-0.7683272029826645
"Ohio County, IN",0,-0.3298102988639643,-0.346386498165212,0.3600054689822272,0.2599405691294903,0.6225338411993153,-0.14215806102266557,0.6706575083262392,0.44024287538787477,0.46645222902221406,0.29043830135325355,-0.21188266228681427,-1.4419490587731318,-1.5915418330860425,-2.1424302514577107,-1.0596198710612696
"Oklahoma County, OK",0,-0.3298102988639643,-0.346386498165212,-1.5696080812736304,0.2599405691294903,0.5225293690482716,0.027203287489522016,0.6706575083262385,0.44024287538787477,0.46544931595183187,0.7819080062752507,0.07293136008604732,-0.22774097448817682,0.3508879594429457,1.1171376964710207,0.32555447810874033
"Oktibbeha County, MS",0,-0.3298102988639643,-0.346386498165212,0.3600054689822272,0.2599405691294903,-0.4623933246201884,0.03257736386582596,0.6706575083262385,0.44024287538787477,-0.7250084985919507,-2.245931255936993,-0.21188266228681427,1.0078001072420553,-2.504819474741706,0.290387474746443,1.145808019920162
"Orange County, FL",0,-0.3257164076543055,-0.33766722324507764,0.4342206511573027,1.1518296550151295,-1.542846538053853,-0.041820692718715524,-2.096365965699157,-2.7785647341200796,1.1990802269364798,1.3802801476030526,0.2663766192977429,0.026641574880292538,-1.0014951137176242,1.4014991496795317,0.6296654000395943
"Orange County, IN",0,-0.3298102988639643,-0.346386498165212,0.13735775164501288,0.2599405691294903,1.7630096110175177,0.7803709735809367,0.6706575083262392,0.44024287538787477,0.19165404773746558,0.6633500993386883,-0.21188266228681427,0.1008389749584029,0.9461368932258594,-1.7403327646740814,0.21277104991882545
"Orange County, NY",0,-0.3298102988639643,-0.346386498165212,-0.08528996569220147,-0.63195119242742,1.1912375020872465,-0.1602926560409702,0.6229517360954911,0.013258192493962678,-1.1823368586862766,-1.2707147155310639,-0.07001648241800268,-1.0278180131291064,-0.5845087272047153,0.9289411145510474,1.1196266647364879
"Orange County, TX",0,-0.3298102988639643,-0.346386498165212,-4.909323841331846,-2.415734715541241,-1.0331688568760657,0.0446852618043393,-0.9817663976243057,0.025118878129904643,-0.15209440713606545,-1.342330747374246,-0.1807382617098407,-0.4920629876523451,0.7639052490322032,-0.26877011700700365,-0.04746531184661523
"Orleans Parish, LA",0,2.1877485060261574,3.5613303450557017,0.4342213063111124,1.1518322927784717,0.9726201800412976,0.254058795350948,0.40485057853159034,0.35760067869873013,-1.45688431170343,-1.364233596743648,-0.07464812167073671,0.6912510919289454,-1.0606076834349145,1.1860630708575248,0.8082319922945134
"Osceola County, FL",0,-0.3298102988639643,-0.346386498165212,0.24868161031362004,-0.63195119242742,-0.5466600228616632,0.036332766347721056,-1.2522159798452313,0.44024287538787477,1.3821118622812483,1.302851133059512,-0.21188266228681427,0.6496407915898389,0.5482638278210181,1.520573540038855,-0.030919154189463574
"Ouachita Parish, LA",0,2.7037589267696447,1.8264893945624363,0.4342213617685126,1.1518323009452243,-0.6714036028368251,0.036332766347721056,-0.8420315134239867,0.44024287538787477,-0.6793759538895562,0.1591193975733952,-0.1538167769764575,0.6045048698242017,0.1090042566297566,0.1175819958448154,1.4293007661915833
"Owen County, IN",0,-0.3298102988639643,-0.346386498165212,0.13735775164501288,0.2599405691294903,1.652448393981035,0.1931801106011742,0.6706575083262392,0.44024287538787477,0.9237805891165402,0.9547763994818858,-0.21188266228681427,0.021482614713787318,-0.8682028199418036,-1.662117619667809,-1.2315049126504765
PA,1,2.2567369300350117,2.7596515287513737,0.4342213745050871,1.15183233004936,-0.36362254948060574,0.005261105301506854,-0.1919484034678687,0.027981802248925484,-0.9082072861151164,-0.06715725534419632,4.557221224442364,-2.2501079881433363,-0.9464762131582447,-0.03337927695398711,-0.07204043623265095
"Palm Beach County, FL",0,-0.24251571244180478,-0.22474204200617226,0.4342213463381876,1.151832273757143,-1.7460211100808731,0.036332766347721056,-2.424904121772277,0.44024287538787477,1.3801060361404838,1.4364541385464056,0.31520185008695784,-0.34360843120075907,-0.47545489910827915,1.2151526491965459,0.20107116720804838
"Panola County, TX",0,-0.3298102988639643,-0.346386498165212,0.21157365742408432,0.2599405691294903,0.36201797824821763,-0.05466706138609139,0.6706575083262398,0.44024287538787477,0.008120955857505935,-0.8164360303261604,-0.2031571384857122,-0.42135137147052126,0.4771283625680075,0.4318202960889373,-0.12199471176158899
"Parke County, IN",0,-0.3298102988639643,-0.346386498165212,0.21157365742408432,0.2599405691294903,1.162626963397205,0.036332766347721056,0.6706575083262392,0.44024287538787477,0.9237805891165402,0.9385267441625459,-0.21188266228681427,0.06882951940792674,-1.2245737747954564,-1.3470920507270958,0.7752830578957812
"Pasco County, FL",0,-0.3298102988639643,-0.346386498165212,0.24868161031362004,-1.5238429539843306,-0.9933021560934446,0.036482288185798524,-0.539232040041175,0.44024287538787477,0.8325154997117515,0.8861008488986902,-0.21188266228681427,-0.1897359706360869,0.202567046247476,0.4182792745075795,-0.0021569425254700726
"Pearl River County, MS",0,-0.3298102988639643,-0.346386498165212,-0.04818201280266575,0.2599405691294903,0.09126153121963103,0.04154839356864337,0.6706575083262385,0.44024287538787477,-0.7240055855215687,-0.4010251338132212,-0.21188266228681427,0.6723083462982661,0.7835195241209263,-0.606626478148843,-0.2243686854808853
"Pemiscot County, MO",0,7.498835794987544,5.873257179900654,0.43422137258912596,1.1518322784781054,0.08847227882708773,0.036332766347721056,0.6706575083262392,0.44024287538787477,0.37518713961742545,-0.2297878901111601,-0.20547385934222412,1.8203462928491307,2.045885020449951,-0.2570398134278043,0.0020297802092693797
"Peoria County, IL",0,-0.3298102988639643,-0.346386498165212,0.3971134218717629,0.2599405691294903,0.22751777190977696,0.036332766347721056,0.6706575083262392,0.44024287538787477,0.8325154997117515,0.030681037489353313,-0.14314782806022391,-0.5320598680165991,-0.1441701782089656,0.3211303173483034,0.28592399304429467
"Perry County, AR",0,-0.3298102988639643,-0.346386498165212,0.3971134218717629,0.2599405691294903,-0.13363866564017843,-0.872028702127378,0.6706575083262392,0.44024287538787477,-0.7240055855215687,-1.7897548007677881,-0.21188266228681427,-0.2626187322161694,-0.2058645876727096,-1.5349737251684334,-0.08603477813581879
"Perry County, IN",0,-0.3298102988639643,-0.346386498165212,-0.04818201280266575,0.2599405691294903,1.6654992910106274,0.05466835554298807,0.6706575083262392,0.44024287538787477,-0.3589452279024134,0.7386222253266467,-0.21188266228681427,-1.0050309458299496,-1.4533941391900271,-1.7263981087444282,0.44570768535912014
"Perry County, TN",0,-0.3298102988639643,-0.346386498165212,0.3600054689822272,0.2599405691294903,1.9103472396488301,-0.7130654451442356,0.6706575083262392,0.44024287538787477,1.288840946735695,1.197097901798757,-0.21188266228681427,1.222285370071878,-0.2637055049775673,-1.6031118308583463,-0.42590490041063983
"Philadelphia County, PA",0,0.7923528374725424,2.5007823107316636,0.4342213740936893,1.1518323266748935,-1.978640447084835,18.801331526181887,-2.1625748345417084,-2.548649904869511,1.3831147753516306,1.5880859586941727,0.37000553088814236,1.1009601717159672,0.18329958545305178,1.4433031174684905,1.1158987609315834
"Phillips County, AR",0,-0.3298102988639643,-0.346386498165212,0.24868161031362004,0.2599405691294903,0.33366742765429946,-0.9001399358802399,0.6706575083262392,0.44024287538787477,-0.7240055855215687,-1.6081382151840422,-0.2046264543908456,1.7374842299431073,2.1190243016255814,0.37793175380731375,0.1124330852006673
"Pike County, IL",0,-0.3298102988639643,-0.346386498165212,0.24868161031362004,-0.63195119242742,-0.05558080711724244,0.047852544312394066,0.6706575083262392,0.44024287538787477,0.9694131338189345,0.8604809543806069,-0.2059793562227846,-0.520267959064588,0.3606372946049241,-1.6817206102129139,-1.2389320440771703
"Pike County, IN",0,-0.3298102988639643,-0.346386498165212,0.10024979875547714,0.2599405691294903,1.1185851196244945,0.036153665765501934,0.6706575083262392,0.44024287538787477,0.007118042787123721,1.0099303390694263,-0.21188266228681427,-1.1994580121822813,-1.1165218546603306,-2.163174781612872,-1.495211092572789
"Pike County, MO",0,-0.3298102988639643,-0.346386498165212,0.3600054689822272,0.2599405691294903,-0.5956481462955803,0.036332766347721056,0.6706575083262392,0.44024287538787477,0.8325154997117515,0.48472250144871865,-0.21188266228681427,0.03743754557622123,-0.22694318978180814,-0.7090107721404455,0.7509369784314444
"Pike County, MS",0,-0.3298102988639643,-0.346386498165212,0.13735775164501288,0.2599405691294903,0.9605856070157763,0.09791926709622019,0.6706575083262398,0.44024287538787477,-1.090068856211106,-0.019135424073586163,-0.21188266228681427,1.5380774723103652,1.4885159145888742,0.772904458886798,1.115210532536832
"Pinellas County, FL",0,-0.29717911582367695,-0.2618954850792461,0.4342213368638246,1.1518321029694132,-1.900153372120919,0.036332766347721056,-2.439783246019496,0.44024287538787477,1.1053078548557351,1.458278493135884,0.14063002826126375,-0.7571020763608921,-0.6284770727375897,0.5220806521530449,0.7364268297754324
"Pitt County, NC",0,1.3502694148141663,1.3985609780001764,0.4342213707375448,1.1518322823308247,-1.0131155083494734,0.036332766347721056,0.6706575083262392,0.44024287538787477,0.9684102207485521,0.6121103103025217,-0.14739796726956925,0.6964897271559367,-0.9607637015982131,0.8176213208531417,1.6425081876489986
"Plaquemines Parish, LA",0,-0.3298102988639643,-0.346386498165212,-2.2004432803957377,-3.307626477098151,-0.22507458661205396,0.010732462788053192,0.051341024712907024,0.3560487125637225,-0.9996060972626228,-0.7592453769019311,-0.21188266228681427,-0.5803429546714554,0.1955151555967171,0.5652229767262081,-0.06361000294016299
"Platte County, NE",0,1.6969368479073275,1.0504842111853192,0.43422136599564154,1.1518322253448665,-1.072926760442361,0.036332766347721056,-1.7309436964088738,0.44024287538787477,1.1985787704012887,1.1344714929767756,-0.19961381232514758,-1.6011995859206465,-0.4033560608155472,0.46642075530409255,-0.6179492987294445
"Poinsett County, AR",0,-0.3298102988639643,-0.346386498165212,0.3971134218717629,0.2599405691294903,0.6056997137857124,-0.862945087442627,0.6706575083262392,0.44024287538787477,-0.35693940176164896,-1.2688169455667606,-0.21188266228681427,1.141913152806059,1.3652427004261536,-0.9442466586817055,-0.15583260783687425
"Pointe Coupee Parish, LA",0,-0.3298102988639643,-0.346386498165212,-0.15950587147127293,0.2599405691294903,0.44990754738337857,0.03633277083280838,0.6706575083262398,0.44024287538787477,-3.1971892170843055,-1.2879429084882468,-0.21188266228681427,0.4796938875720027,0.9816660909307745,0.28782885148252263,-0.3164479094620239
"Polk County, FL",0,-0.18738697453065153,-0.1887702511894875,0.43422134986306143,1.151832255882582,-1.891522286788461,0.03449640127207343,-2.33174734540538,-0.3069803196764717,1.2908467728764594,1.4208653138396354,0.03398317660785022,0.6150418965735495,0.8563890608454351,1.0616352533613864,1.267481064875619
"Polk County, TX",0,-0.3298102988639643,-0.346386498165212,-1.2727444581573446,-1.5238429539843306,-0.9627461459101829,-0.021281732122628585,-0.7486119161214789,-0.33946828467926954,-0.023303653681139295,-1.4180172479477653,-0.19407820816021984,1.078252779477297,1.066019034288761,0.6708744358086615,1.0804263224187631
"Posey County, IN",0,-0.3298102988639643,-0.346386498165212,0.3600054689822272,0.2599405691294903,-0.010425224779583174,0.036332766347721056,0.6706575083262392,0.44024287538787477,1.016048591591711,0.8085295016078271,-0.21188266228681427,-2.0588332145903343,-1.7668371913937044,-1.8278770437349516,-2.3128551017207792
"Pottawattamie County, IA",0,-0.3298102988639643,-0.346386498165212,0.32289751609269146,0.2599405691294903,0.08450262729010251,0.036332766347721056,0.6706575083262392,0.44024287538787477,0.7402474972365803,0.5919465044318081,-0.21188266228681427,-1.2532785155409538,0.27759453858095995,-0.20673334371566743,0.0488866634186058
"Pulaski County, AR",0,0.5379776733227343,1.2555078031158666,0.4342213661354757,1.151832309954186,0.9157693415381029,-0.8393659093933922,0.4324122382361818,0.44024287538787477,-2.465062675705231,-1.7252780662306118,-0.06628855946224997,-0.5410432310864586,0.1983667397942909,0.9211471544548012,0.20227556689886314
"Pulaski County, IN",0,-0.3298102988639643,-0.346386498165212,0.1744657045345486,0.2599405691294903,0.7733015140860022,0.02948041155092829,0.6706575083262392,0.44024287538787477,0.7392445841661979,0.9379506354233828,-0.21188266228681427,-0.3371149137711042,-0.04910452664928162,-1.7058503957634148,-1.465990061978962
"Putnam County, FL",0,-0.3298102988639643,-0.346386498165212,0.24868161031362004,-0.63195119242742,-1.094039021124914,0.027030271227376123,-1.2457072949347205,-0.7553142367150794,0.5120847737246084,0.8088853334761337,-0.21188266228681427,1.612832597811881,1.0485241798874239,0.5095237164424256,1.109446619730788
"Putnam County, IN",0,-0.3298102988639643,-0.346386498165212,-0.011074059913130024,0.2599405691294903,0.6326399924487319,0.14264786419660427,0.6706575083262392,0.44024287538787477,-0.6337434091871621,0.2568714951096534,-0.21188266228681427,-1.1029914326981771,-1.9060638630942084,-1.0020321810114527,-0.006286312893979851
"Queens County, NY",0,2.8019876417403657,5.1955674843533455,0.43422136100919184,1.1518323267631643,-0.246428169508741,-0.1609130057214829,-1.6185678126825882,0.15643109803405786,-1.3425522216798484,0.48964353271261946,0.6408735450766587,0.09191536818390793,-2.013306549875967,1.610400898319837,0.9108353754787284
RI,1,-0.24264502006429103,-0.14227015366373147,0.43422108751237576,1.1518322548177828,0.6190477164481593,0.004475910436385099,0.6706575083262398,0.44024287538787477,-0.4502103173072024,0.7041047093220837,0.18421053468402887,-0.652200134586361,-1.0693353577990017,0.43057253649935845,0.2495860752432802
"Ralls County, MO",0,-0.3298102988639643,-0.346386498165212,0.3971134218717629,0.2599405691294903,-0.10550315084800262,0.036332766347721056,0.6706575083262392,0.44024287538787477,0.9247835021869223,0.5501955652171536,-0.21188266228681427,-0.9165318723945014,-1.0524768149796675,-1.753283334732996,-2.108623325578248
"Randolph County, AR",0,-0.3298102988639643,-0.346386498165212,0.32289751609269146,0.2599405691294903,0.5669295127664628,-0.8962516746200472,0.6706575083262392,0.44024287538787477,-0.9998066798766994,-1.8770522191257015,-0.21188266228681427,0.3740646761319444,1.3574971811867949,-1.4627024588214197,-0.47150003156293185
"Randolph County, IL",0,-0.3298102988639643,-0.346386498165212,0.32289751609269146,-0.63195119242742,0.2530562156982779,-0.17129109132560896,-1.2999033649436675,0.44024287538787477,-0.7230026724511862,0.593369831905035,-0.1997922558938294,-0.6437842215838803,-0.8397640478092349,-0.7556170789786067,-0.2529588400461905
"Randolph County, IN",0,-0.3298102988639643,-0.346386498165212,0.06314184586594142,0.2599405691294903,1.4096566286634435,0.1108882638736232,0.6706575083262392,0.44024287538787477,-0.6327404961167796,0.9640991944315217,-0.21188266228681427,-0.24700242036080347,0.9694119858655221,-0.9779417588957815,-1.4318940802556448
"Rankin County, MS",0,-0.3298102988639643,-0.346386498165212,0.28578956320315574,0.2599405691294903,-0.15719904801970566,0.04302061801225031,0.6706575083262385,0.44024287538787477,-0.9065357643311459,-0.2963284494845152,-0.21188266228681427,-1.396613949356278,-0.7033504253847183,-0.0648281611552186,-0.140032030940703
"Rapides Parish, LA",0,-0.3298102988639643,-0.346386498165212,-0.38215358880848727,-1.5238429539843306,-0.6238165285639539,0.03055572675372897,-0.7179219789394603,0.16852534990993084,-0.7245070420567594,-1.4507995296436222,-0.1629781853986551,0.4461108495769178,1.2821999444021894,0.4376460844437073,1.2359659396326188
"Refugio County, TX",0,-0.3298102988639643,-0.346386498165212,-0.23372177725034438,-1.5238429539843306,-0.5637321269923529,0.045130634646031544,-0.347135862477049,-0.5560547180312537,-0.23692413767256776,-0.6904715489455846,-0.21188266228681427,0.6484855032127836,2.382795839901235,1.2209784375513153,0.15126063713790286
"Reynolds County, MO",0,-0.3298102988639643,-0.346386498165212,0.3971134218717629,0.2599405691294903,-0.8987753604721325,-0.29673310542648196,0.6706575083262392,0.44024287538787477,1.0170515046620932,0.6811416927540237,-0.21188266228681427,1.1109394730419087,-0.046330012294884974,-1.8235470659037036,-0.35292401438385734
"Richland County, SC",0,0.2789132065114374,0.950159791514976,0.4342213412548444,1.1518322731628623,-0.6489523558334402,-0.09678544349641173,-1.2081686406978078,-0.8407111732938621,-0.6788744973543653,-1.3723244823697573,-0.06227031609224693,-0.21698484132249113,-0.9314386262691008,0.9338615439047386,0.7366562392403487
"Richland Parish, LA",0,-0.3298102988639643,-0.346386498165212,0.3600054689822272,-0.63195119242742,-0.1641707601501695,0.036332766347721056,0.6706575083262398,0.44024287538787477,1.016048591591711,0.5487722377439268,-0.21188266228681427,1.2406903090442738,0.3581710596232382,-0.2328313010076443,1.080856465165482
"Ripley County, IN",0,-0.3298102988639643,-0.346386498165212,0.0260338929764057,0.2599405691294903,1.440879438658134,0.008546298602605336,0.6706575083262392,0.44024287538787477,-1.2736019480910656,0.679459578467483,-0.21188266228681427,-0.9600742929504076,-0.6290550965614231,-1.4819511784530592,-0.19041608467314144
"Ripley County, MO",0,-0.3298102988639643,-0.346386498165212,-0.1223979185817372,-0.63195119242742,-0.6727398184354646,0.00061957661009213,-0.7437294672204252,0.44024287538787477,0.32905313837983996,0.8263210950231626,-0.21188266228681427,1.3613581881511716,0.6500345557371622,-1.6921912838775686,-0.9499908230139662
"Roane County, WV",0,3.1322595047449533,3.152130590560972,0.4342213630429996,1.151832189861408,-1.8891062505691532,-0.4632660413135834,-2.21175092245872,0.44024287538787477,1.1063107679261177,0.8078178378712136,-0.20651002539359797,1.2368659061409188,-0.13160779377100149,-2.0215845065310596,-0.7643985658959571
"Robertson County, TX",0,5.5978356877390505,3.2191839583306163,0.43422133357611914,1.15183218927381,-0.8581432588776006,0.0700837423576143,-0.8849914243705288,-0.4137264903999501,0.8771451313437634,0.17989320093263492,-0.20563291092434072,0.44433807948109133,1.3857432787114208,0.9882618108391462,0.31738176592106526
"Robeson County, NC",0,4.108209576018397,3.806499564559833,0.4342213682088833,1.1518323064575273,-1.397856390915581,0.03620323931752097,-0.7593675664624553,0.44024287538787477,0.9694131338189345,0.9273773456222688,-0.16316228496341845,1.7821620201109465,1.2561118024865399,1.336667572515299,1.750904159822371
"Rock Island County, IL",0,-0.3298102988639643,-0.346386498165212,0.0260338929764057,-0.63195119242742,0.6348356536647618,0.03474744308394129,0.621207501346789,0.44024287538787477,0.46544931595183187,0.18245950349799847,-0.1576274266441278,-0.5398281864140387,0.31917371897532565,0.5939582841517631,0.5068739839426655
"Rockland County, NY",0,-0.3298102988639643,-0.346386498165212,0.28578956320315574,0.2599405691294903,1.3614634897453632,0.015022638138881854,0.6535456234869373,-1.0542035147408182,-1.2736019480910656,0.3746518435191755,-0.21188266228681427,-0.7998676650770534,-0.9154851687313185,1.0696260306317804,1.1313838998134937
"Rogers County, OK",0,-0.3298102988639643,-0.346386498165212,0.3600054689822272,0.2599405691294903,1.2903031821107152,0.028576158072262197,0.6706575083262392,0.44024287538787477,1.4733769516860369,0.5494839014805404,-0.21188266228681427,-1.492801666128679,-0.24070015678902612,0.0914446751180077,-0.9957580112649465
"Rush County, IN",0,-0.3298102988639643,-0.346386498165212,0.13735775164501288,0.2599405691294903,1.2315050439512476,0.032322182145836535,0.6706575083262398,0.44024287538787477,-1.6396652187806025,0.5975212037019464,-0.21188266228681427,-0.16308466290333207,-0.2830885705367578,-1.8927873477688435,-1.9370537220033026
"Rusk County, TX",0,1.3733797341685454,0.7136803243458846,0.434221349000408,1.1518321758952819,0.21881644274252998,0.060022452835446535,0.6706575083262392,0.44024287538787477,0.7402474972365803,-0.1499036356763032,-0.19201146989975051,0.08528241939840174,0.058600579191544704,0.8669830681293702,0.5364964811000995
SC,1,-0.12128291064609328,-0.05657343248467346,0.43422135550930496,1.151832316873781,-0.3995447503959991,0.03481450906677817,-0.5652334553509393,-0.7196259647120063,0.14552004649988007,0.5577392008252561,1.6069550302359557,-0.022621694127545736,-0.24597003924328542,0.511603192032213,0.32383603810882916
"Sabine County, TX",0,-0.3298102988639643,-0.346386498165212,-0.5676933532561659,-1.5238429539843306,-0.20981836047674682,0.11665340116437789,-0.1807186117180146,-0.6667544506333796,0.2214071354921404,-1.437222464330829,-0.21188266228681427,1.009294014626178,0.22684404684844922,-0.7741966202181441,-1.242889357346992
"Sabine Parish, LA",0,-0.3298102988639643,-0.346386498165212,0.32289751609269146,0.2599405691294903,0.6322544143348928,0.04007213179201795,0.6706575083262398,0.44024287538787477,0.8325154997117515,-1.5307092006405012,-0.21188266228681427,0.8243482804717465,1.2751865886730196,-0.14993190725665836,0.41287345569284656
"Saline County, AR",0,-0.3298102988639643,-0.346386498165212,0.21157365742408432,0.2599405691294903,0.5486187547939163,-0.8347515233398757,-1.2488341337077438,0.44024287538787477,-2.556327765110019,-1.682056355293623,-0.21188266228681427,-1.6339261170155017,0.2894247595087363,-0.3306887999938513,-0.8539542857630068
"San Augustine County, TX",0,-0.3298102988639643,-0.346386498165212,-0.38215358880848727,-0.63195119242742,-0.3159073734701298,0.010497560747674654,-0.28749931019638636,-0.1031921755680131,-0.12977959132005965,-1.4280872898208457,-0.20872301155274658,1.5268831263120033,0.7823634764732605,-0.03510876785892476,0.8193009989767679
"San Jacinto County, TX",0,-0.3298102988639643,-0.346386498165212,-1.4211762697154875,-3.307626477098151,-0.4447716837490801,0.036174068534630094,-0.39617514132511444,-0.03797996945330675,-0.08389631835006972,-1.4922174750601926,-0.21188266228681427,0.806381554332027,0.8607435069849735,0.39529102856713505,-0.7806579617219642
"San Patricio County, TX",0,1.2440445768847999,0.8480518307269996,0.43422131645627515,1.1518321304914636,-0.9833047685285862,0.061959571658270686,-0.6509625444742276,-1.2676958561877743,-0.4197886208389394,-0.7259598472780399,-0.18694208141182805,0.34137798256733226,1.3314861091143235,1.3633166178948903,0.2430817754710087
"Santa Barbara County, CA",0,0.8100492578790955,1.7085476433213218,0.43422137182657483,1.151832302471899,-1.1324541578239735,0.03217686128269825,-1.8577616997966862,-1.9508713488180343,0.37418422654704303,1.4151042264480027,-0.048987053910289194,0.0341509493311508,-1.349850804880797,1.4209840499201483,1.3941150895099093
"Sarasota County, FL",0,0.3044055139471666,1.2755044769890056,0.43422136229967306,1.1518322762289679,-1.9028839478840873,-0.08775399407427713,-2.40921983263537,-0.6466272265239017,1.2908467728764594,1.4095295271778645,-0.06019897845034872,-1.3580113825505389,-0.9616114698731676,0.17745378022052652,-0.49243364523662525
"Sauk County, WI",0,-0.3298102988639643,-0.346386498165212,0.3971134218717629,0.2599405691294903,-0.4773765761916431,-0.25869037068417894,0.6706575083262392,0.44024287538787477,1.2908467728764594,1.069710092944954,-0.18824140666550035,-1.5438136236052007,-0.7613069474543438,-0.6801573744104014,-0.7169108066580988
"Schenectady County, NY",0,-0.3298102988639643,-0.346386498165212,0.28578956320315574,0.2599405691294903,1.5753239708672757,0.1150897438305123,0.6586118818984775,-1.0542035147408182,-1.1823368586862766,1.0692356504538785,-0.21188266228681427,-1.0451075012546902,-1.1907015787188606,0.3414418497203408,0.12459178684127947
"Schoharie County, NY",0,-0.3298102988639643,-0.346386498165212,-0.7532331177038446,-0.63195119242742,1.8207081686080047,0.005302746513973678,0.6662636334256893,0.25343707662178816,-0.770139586759154,-1.3641339724835013,-0.21188266228681427,-0.7538353988809426,-1.1279667263722182,-1.2885586231355877,0.40851467585942036
"Schuylkill County, PA",0,-0.3298102988639643,-0.346386498165212,0.13735775164501288,-0.63195119242742,-0.20254045337717444,0.050613171411449775,0.6706575083262392,-0.3069803196764717,-0.12927813478486863,0.029257710016126266,-0.1578319748101089,-0.49564836537423995,-0.2559599857382097,-0.8850046892632658,-0.28889009748884664
"Scott County, AR",0,-0.3298102988639643,-0.346386498165212,0.28578956320315574,0.2599405691294903,-0.3389551373872619,-0.907353870345854,0.6706575083262392,0.44024287538787477,-0.9998066798766994,-2.0185546920890043,-0.20793633086699054,1.0454864108521984,1.5903637123481955,-0.13509189232592633,0.004037113027294213
"Scott County, IL",0,-0.3298102988639643,-0.346386498165212,0.1744657045345486,-0.63195119242742,-0.1953534013446051,0.025674825696965824,0.6706575083262392,0.44024287538787477,0.7407489537717714,0.5855754195516497,-0.209972613763944,-1.4346787095037332,-0.3455151435106885,-1.8981801383404888,-2.559412924140532
"Scott County, IN",0,-0.3298102988639643,-0.346386498165212,0.1744657045345486,0.2599405691294903,1.2921211813348417,0.04152209562882053,0.6706575083262392,0.44024287538787477,0.8315125866413691,0.8820341989751851,-0.21188266228681427,0.41248797405158827,-0.15210837205626765,-1.6567248290961638,-0.29020920191211996
"Scott County, MS",0,-0.3298102988639643,-0.346386498165212,0.3971134218717629,0.2599405691294903,-0.4258188078919553,0.21079125388591805,0.6706575083262392,0.44024287538787477,1.1985787704012887,0.9387639654080839,-0.21188266228681427,1.443184475270871,2.072512651267843,1.2644750330379446,0.4522171789261454
"Searcy County, AR",0,-0.3298102988639643,-0.346386498165212,0.32289751609269146,0.2599405691294903,0.6231878187273128,-0.5621054973342624,0.6706575083262392,0.44024287538787477,-0.7240055855215687,0.28972663761664014,-0.21188266228681427,0.3225149119971389,-0.4321801821640054,-1.3515401188628327,-0.7490281317465054
"Sebastian County, AR",0,-0.3298102988639643,-0.346386498165212,0.24868161031362004,0.2599405691294903,0.7453300986909346,-0.7194671607390438,0.6706575083262392,0.44024287538787477,-1.091071769281488,-0.9067224363778499,-0.21188266228681427,0.2735545873281472,1.091875966674877,0.7410200766748801,0.22467166591140408
"Sequoyah County, OK",0,-0.3298102988639643,-0.346386498165212,0.3971134218717629,0.2599405691294903,-1.6502855785583195,-0.12353390459164625,-2.148429528886276,-5.537542685126898,0.8315125866413691,1.5880859586941727,-0.21188266228681427,1.182467758593719,1.383816532631978,0.1787527735699016,-0.2956576767039031
"Shannon County, MO",0,-0.3298102988639643,-0.346386498165212,0.28578956320315574,-0.63195119242742,-1.352959202247491,-0.025557607767696233,-0.984799629749813,-1.0542035147408182,0.3285516818446487,0.8509921045590947,-0.21188266228681427,0.9871841853411571,-0.001090014349578454,-1.6721552955493386,-0.8969112080687507
"Sharp County, AR",0,-0.3298102988639643,-0.346386498165212,0.24868161031362004,0.2599405691294903,0.07339281686600682,-0.80537132509822,0.6706575083262392,0.44024287538787477,-0.9998066798766994,-1.2967141640420068,-0.21188266228681427,0.7511069811194747,0.6185900597206627,-1.2830871056942832,-0.8690666342644267
"Shasta County, CA",0,-0.3298102988639643,-0.346386498165212,-0.1223979185817372,0.2599405691294903,-0.6866807665512589,0.036466086330481345,-1.6022506631686417,-3.9434665356562917,0.46544931595183187,0.8722234060347285,-0.21188266228681427,-0.1148015762484758,0.5236014780041559,0.07963564466914927,0.6073840057595119
"Shelby County, IN",0,-0.3298102988639643,-0.346386498165212,0.3600054689822272,0.2599405691294903,-0.09509109493716145,0.033159418103871525,0.6706575083262392,0.44024287538787477,0.46645222902221406,-0.10026509004751692,-0.21188266228681427,-0.987681701409001,-0.6610390814801642,-0.7164504613232262,-0.8563057327784075
"Shelby County, TN",0,-0.25279112606464543,-0.20009233593615838,0.4342212160937214,1.1518321351179772,0.4296570084671286,-0.024342681958574506,0.2965614065759611,-0.7859695472818223,-1.0444363115087114,-0.001581051903788617,0.13592206413833072,0.48118779495612596,0.32433739846823,1.1800798287634362,0.39047735668030636
"Shelby County, TX",0,-0.3298102988639643,-0.346386498165212,-0.19661382436080865,-0.63195119242742,-0.6343849738625191,-0.014423397017994756,-0.7132691125509035,0.44024287538787477,0.2367851359046689,-1.7083739593574052,-0.20245243866623666,0.9794756232390817,1.7350623429143135,1.0251847127092437,0.07194231464278342
"Simpson County, MS",0,-0.3298102988639643,-0.346386498165212,0.3971134218717629,0.2599405691294903,-0.40472514738700116,0.036332766347721056,0.6706575083262392,0.44024287538787477,0.9247835021869223,0.28830331014341326,-0.21188266228681427,1.2531395372452994,0.7257942115808349,0.20256765164176582,0.37820395030723564
"Smith County, MS",0,-0.3298102988639643,-0.346386498165212,0.3971134218717629,0.2599405691294903,-0.47885452327386957,0.08025557588143944,0.6706575083262398,0.44024287538787477,-0.35693940176164896,-1.2688169455667606,-0.21188266228681427,0.19240553822258388,1.0945734111860954,-0.5580126361343758,-0.6976690877881686
"Smith County, TX",0,-0.3298102988639643,-0.346386498165212,0.21157365742408432,-0.63195119242742,0.44015700902560156,-0.07185551430267545,0.6706575083262398,0.44024287538787477,0.18964822159670094,-0.07986406293126529,-0.21188266228681427,-0.008017076431361632,0.1526257878683302,1.049786859477698,0.6563055741531021
"Snyder County, PA",0,-0.3298102988639643,-0.346386498165212,0.3600054689822272,0.2599405691294903,0.7370373548963456,0.03365296964896954,0.6706575083262392,0.44024287538787477,0.7402474972365803,-1.0759560729445226,-0.21188266228681427,-0.8538076810264558,-1.773426662985398,-1.2470301993904351,-0.05348731030069126
"Somerset County, MD",0,-0.3298102988639643,-0.346386498165212,-1.1614205994887374,0.2599405691294903,1.2115789868210143,-0.017637526961676524,0.5782855851534372,0.44024287538787477,-1.7319332212557736,0.4066711948936277,-0.20227275202149297,1.056700675615682,-0.9816496290993677,0.8766271096626044,1.3585566224477437
"Sonoma County, CA",0,0.45155410571810967,0.8996318199469152,0.43422135194152806,1.151832294121435,-0.8993542662927956,0.05107554209418981,-0.8912529570873443,-1.1538332740827315,0.46544931595183187,1.0327682753443843,-0.028518563475495695,-1.0145521155580939,-1.426650903607368,1.017469479482656,0.2684601975274736
"Spencer County, IN",0,-0.3298102988639643,-0.346386498165212,-0.19661382436080865,0.2599405691294903,1.154879360893935,0.22530703449796438,0.6706575083262392,0.44024287538787477,0.5577173184270029,1.0835247419498029,-0.21188266228681427,-1.496367125085453,-1.5649142022681501,-1.3079254330717154,-1.6669527532464226
"St. Clair County, IL",0,-0.3298102988639643,-0.346386498165212,0.3600054689822272,0.2599405691294903,1.8841981989690606,-0.04052858867709484,0.6706575083262392,0.44024287538787477,0.5557114922862383,-1.336425000545036,-0.113545960568428,-0.5076792995077111,-0.010685209825201472,0.273225017160768,-0.32221182226806866
"St. Francis County, AR",0,-0.3298102988639643,-0.346386498165212,0.28578956320315574,0.2599405691294903,0.19437234606311968,-0.7127325511887066,0.6706575083262392,0.44024287538787477,-0.9085415904719107,-0.3610898495163371,-0.21188266228681427,1.5906630122314944,0.9119178828549633,0.7772344367180462,1.805073469725945
"St. Helena Parish, LA",0,-0.3298102988639643,-0.346386498165212,0.3600054689822272,-0.63195119242742,0.23783039627403602,0.036332766347721056,0.6706575083262392,0.44024287538787477,0.7402474972365803,0.41853777394367,-0.21188266228681427,1.258139147290831,1.5891305948573515,0.2178406643556226,0.5739762524309446
"St. Joseph County, IN",0,-0.3298102988639643,-0.346386498165212,0.28578956320315574,0.2599405691294903,0.2852384745336086,0.036332766347721056,0.6706575083262392,0.44024287538787477,1.1053078548557351,1.1006674654876378,-0.21188266228681427,-0.29349281815471207,-0.15973828653085892,0.37742002915452916,0.237260510298735
"St. Landry Parish, LA",0,-0.3298102988639643,-0.346386498165212,0.13735775164501288,0.2599405691294903,0.8212142599888462,0.03657104484488599,0.6706575083262398,0.44024287538787477,-0.44920740423682,-0.7019767793541678,-0.21188266228681427,1.0901044447246722,0.658281028957175,0.5047607408280519,0.7709816304285847
"St. Martin Parish, LA",0,-0.3298102988639643,-0.346386498165212,0.28578956320315574,-0.63195119242742,0.2922686054258061,0.036332766347721056,0.6706575083262392,0.44024287538787477,0.46544931595183187,0.15913634194807652,-0.19217095655848876,0.4276859918394002,0.4918101676933577,0.6167497129180602,-0.03834628561615668
"St. Mary Parish, LA",0,-0.3298102988639643,-0.346386498165212,0.32289751609269146,-0.63195119242742,-0.22194519858430778,0.036332766347721056,0.6706575083262392,0.44024287538787477,-1.5489015859110047,-2.092923552565107,-0.19248738157003842,0.9637198800278639,1.1306035628716669,0.926146310678151,0.7991416422471697
"St. Tammany Parish, LA",0,-0.3298102988639643,-0.346386498165212,-0.1223979185817372,-1.5238429539843306,-0.3108763688240176,0.030700923660986822,-0.3438644909628107,0.04172383802022273,0.1906511346670834,-0.2688277293768106,-0.11916876651909611,-1.1091264123556421,0.28595661656573895,0.06479562973841752,-1.5730956059121763
"Starke County, IN",0,-0.3298102988639643,-0.346386498165212,0.13735775164501288,0.2599405691294903,1.6201772076578433,0.032906108076412144,0.6706575083262398,0.44024287538787477,0.8315125866413691,1.0682867654717272,-0.21188266228681427,0.34619832372676895,-0.292760835855558,-1.242660858124358,-1.9597079066638756
"Starr County, TX",0,-0.3298102988639643,-0.346386498165212,-0.5676933532561659,-0.63195119242742,0.6363953987651195,-0.08430953331289641,0.5278956152682146,0.44024287538787477,-1.091071769281488,-1.7009286232719645,-0.18834632228512238,2.0481970470755755,1.6143324335764568,1.677161283790717,0.056686585225789496
"Stone County, AR",0,-0.3298102988639643,-0.346386498165212,0.32289751609269146,0.2599405691294903,0.22879660880026056,-0.5184199461194829,0.6706575083262392,0.44024287538787477,-0.9998066798766994,-0.3612084601391061,-0.21188266228681427,0.8799017163960019,0.1469996893163587,-1.6180305726587376,-0.4477848281271168
"Stone County, MS",0,-0.3298102988639643,-0.346386498165212,0.1744657045345486,0.2599405691294903,0.8460768446643305,0.023067875882391904,0.6706575083262392,0.44024287538787477,-2.922391035799557,-0.06427523822449498,-0.21188266228681427,0.7836940808584785,0.04295540102647318,-0.4714524429442437,0.3640952682148283
"Suffolk County, NY",0,-0.3298102988639643,-0.346386498165212,-0.5676933532561659,0.2599405691294903,1.7054837239460263,0.028975912480404424,0.6695878684070978,-0.002556055020626167,-1.365869950566237,-0.04908223411027927,0.3459354140254824,-1.7099759622499244,-2.034346617063478,0.8253759175145592,-0.5839680217385858
"Sullivan County, IN",0,-0.3298102988639643,-0.346386498165212,0.1744657045345486,0.2599405691294903,1.489226485885939,0.11152632945996853,0.6706575083262398,0.44024287538787477,-0.9998066798766994,0.6784983703037454,-0.21188266228681427,-0.2251515350223636,-0.31060250455119376,-1.185347697012565,1.0403943707907122
"Summers County, WV",0,-0.3298102988639643,-0.346386498165212,0.3600054689822272,0.2599405691294903,-1.8949178461529579,-0.13857739944811237,-2.2990361547662688,0.44024287538787477,0.7412504103069627,0.6790067015441837,-0.21188266228681427,0.5291521813690361,-0.019047287809981536,-1.3434706147227795,0.8740151563595192
"Sumter County, SC",0,-0.3298102988639643,-0.346386498165212,0.32289751609269146,0.2599405691294903,-1.840864072813985,0.036332766347721056,-2.2488854277469743,0.44024287538787477,0.7392445841661979,0.2868799826701862,-0.21188266228681427,1.0565014879644654,0.8984306602988659,0.7570409946504981,1.304444664910401
"Susquehanna County, PA",0,-0.3298102988639643,-0.346386498165212,0.3600054689822272,0.2599405691294903,-0.21801753994465173,0.016323245716894474,0.6706575083262385,0.44024287538787477,0.5577173184270029,-0.5557298814801089,-0.21188266228681427,-0.7664240584378192,-0.9128262591416876,-1.70958992207222,-1.7742590304614403
"Switzerland County, IN",0,-0.3298102988639643,-0.346386498165212,0.3971134218717629,0.2599405691294903,0.5017324844502036,0.036332766347721056,0.6706575083262392,0.44024287538787477,1.2898438598060773,1.0682867654717272,-0.21188266228681427,0.5733320024088346,0.6537724431312801,-1.4575852122935813,-0.32642722118592143
TN,1,0.43237237655099303,0.5389154408753976,0.43422137330825306,1.1518323264955164,1.8816376076732553,-0.17093661830891438,0.6212287982151125,0.20113145296728369,0.2362836793694777,0.003163373006967992,2.248256292403324,-0.12053568006872835,-0.38246501738411276,-0.025788689335440707,-0.32908282253413207
TX,1,0.18110526194069052,0.09738719547697407,0.4342213634423879,1.1518323266410377,-0.04462396500196756,0.027772673112844412,-0.026534483538812843,-1.726426612159301,-0.6900319052623686,-0.06306769217578076,9.926915321543568,0.008526902791091773,-0.0937854052390466,1.2659622361733422,0.2007147824441863
"Tama County, IA",0,-0.3298102988639643,-0.346386498165212,0.3600054689822272,0.2599405691294903,-1.956955456540726,0.036332766347721056,-2.397067083771437,0.44024287538787477,1.2898438598060773,1.0682867654717272,-0.21188266228681427,-1.2332800753588267,0.39562700340759704,0.19890685220261986,-1.330867887142735
"Taney County, MO",0,0.7349626235704616,0.6259660534262294,0.4342213237378705,1.1518320854162,-1.9010129052353544,0.036332766347721056,-2.3873265036789975,-0.7553142367150794,0.19165404773746558,0.6138894696440553,-0.19182264664595206,0.306221362127637,0.2681920177132814,-0.5491952267325615,0.8815856687017857
"Tangipahoa Parish, LA",0,2.098747624626521,1.8537074246691276,0.43422134466353984,1.1518322176549403,-0.12571123791208802,-0.01949908036368812,-0.10618133769380235,0.25343707662178816,-0.10646186243367116,0.1710394918653041,-0.16417091688002183,0.9492190190193107,1.1154208037656614,0.4004082750949737,0.6278874766864858
"Tarrant County, TX",0,-0.3298102988639643,-0.346386498165212,-0.04818201280266575,-0.63195119242742,-1.9335890084791645,1.4776022999834972,-2.3969525832809278,0.44024287538787477,1.2898438598060773,1.3876296931011696,0.5204931269378741,-0.33060147757632813,-0.105558186776941,1.3295427908111543,-0.42475785308605324
"Tensas Parish, LA",0,-0.3298102988639643,-0.346386498165212,0.32289751609269146,0.2599405691294903,0.8705242383349693,0.036332766347721056,0.6706575083262392,0.44024287538787477,0.2829191371422544,-1.5302347581494256,-0.21188266228681427,1.5911012250641723,0.4847582770425988,0.38848115434162667,-0.11981532184487513
"Terrebonne Parish, LA",0,-0.3298102988639643,-0.346386498165212,-2.0891194217271307,-3.307626477098151,-0.23222413400544037,0.021091531478099678,0.06023403028965928,0.3523342642038337,-0.37699766316929495,-0.7492386867580694,-0.1702928800233349,0.3538471295334791,0.5756621570706878,0.4979508666025445,0.8428154691307799
"Travis County, TX",0,-0.3298102988639643,-0.346386498165212,0.10024979875547714,-0.63195119242742,-1.4508317483567001,0.03528043571503223,-0.9445808115183888,-2.216550707063135,0.09888458872710355,0.36630165567624456,0.22094411600419708,-0.842274716021026,-2.035810944083854,1.3372186606029133,0.5808585363784604
"Trinity County, TX",0,-0.3298102988639643,-0.346386498165212,-0.3079376830294158,-0.63195119242742,-0.6315176063037008,0.00016206827055924156,-0.6941886606979446,0.44024287538787477,-0.03851450191527059,-2.084383587725747,-0.21188266228681427,0.7321642354887954,0.9951147785652829,0.2237845430148815,-0.39556549867534097
"Tulsa County, OK",0,-0.3298102988639643,-0.346386498165212,0.3971134218717629,0.2599405691294903,-1.7156219556802668,0.07561465688551179,-1.7927952725923018,-5.537542685126898,0.8315125866413691,1.5880859586941727,-0.21188266228681427,-0.4837767813617425,0.3150504823653188,0.9102434830070218,0.028239811576058437
"Tuolumne County, CA",0,-0.3298102988639643,-0.346386498165212,0.32289751609269146,0.2599405691294903,-0.6758953766567825,0.042723445184258434,0.6706575083262385,0.44024287538787477,-0.44820449116643757,-1.6165832915251876,-0.21188266228681427,-0.477044238750628,-0.5324865830597725,-0.030542609418699743,0.3381146463129564
"Tuscaloosa County, AL",0,-0.3298102988639643,-0.346386498165212,-6.245210145355132,-0.63195119242742,0.9051130185231979,0.08098099845698042,0.49896229149054844,0.44024287538787477,-1.7324346777909643,0.5826682217833008,-0.21188266228681427,-0.02454965148232319,-1.5924666712041742,0.525465907548384,0.969162731933924
"Tyler County, TX",0,-0.3298102988639643,-0.346386498165212,-1.3098524110468803,-2.415734715541241,-0.5800176614703475,-0.0017141208278315453,-0.13753202956405486,-0.5772525391678313,-0.015196773028882542,-1.2219566256789849,-0.2039656973101572,0.7728184351020633,0.060257580819865694,-0.10808857603287017,1.422303777511609
"Ulster County, NY",0,-0.3298102988639643,-0.346386498165212,-0.19661382436080865,0.2599405691294903,1.8456330347383936,0.03523104449722568,0.6671801936843827,-0.6146604588206146,-0.6327404961167796,0.8924041562801233,-0.21188266228681427,-0.8701211496610793,-1.4682686189233218,0.19119161897603215,0.6375513503961217
"Union County, AR",0,-0.3298102988639643,-0.346386498165212,0.21157365742408432,0.2599405691294903,0.357220414116256,-0.6513173573664603,0.6706575083262392,0.44024287538787477,-0.9998066798766994,-0.6209657240030063,-0.21188266228681427,0.38617528532590145,1.139466594837102,0.4555564472911425,-0.013225949207724548
"Union County, NJ",0,-0.1376252953695733,-0.13660272656049788,0.43422130575891205,1.1518322643473489,0.06799190428329817,0.0125979895938021,0.6706575083262398,0.44024287538787477,-2.1892615813500997,0.9270926801276236,-0.0064287910870049125,-0.4929194945525754,-0.452449550919738,1.4716447905457508,0.6862148331416814
"Union Parish, LA",0,-0.3298102988639643,-0.346386498165212,0.1744657045345486,-0.63195119242742,-0.9822907389462083,0.036332766347721056,-0.8309335570859273,0.44024287538787477,0.3285516818446487,-0.5465799191522221,-0.21188266228681427,0.4245985832455459,0.6534256288369803,0.012363534545485595,0.7007249817976942
"Upshur County, TX",0,-0.3298102988639643,-0.346386498165212,0.28578956320315574,0.2599405691294903,0.34905678207085405,0.039481143586531854,0.6706575083262392,0.44024287538787477,0.8315125866413691,-0.10168841752074366,-0.21188266228681427,0.045106270148053136,0.3312351494326346,0.07408540035818642,-0.5234612753666756
VA,1,1.0165333711488065,1.3279071463704284,0.4342213745002233,1.1518323300589046,-0.10888427265214365,0.026536586347889274,-0.029910897424638285,-1.353092792766557,-1.1813339456158947,-0.6432645210835599,2.888649176738478,-1.1578968695937795,-1.1921099867328642,0.5277977046963301,-0.7293423063795864
"Van Buren County, AR",0,-0.3298102988639643,-0.346386498165212,0.28578956320315574,0.2599405691294903,0.1700477332705337,-0.826485996744065,0.6706575083262392,0.44024287538787477,-0.9998066798766994,-1.2054788730081658,-0.21188266228681427,0.9780613909154461,0.531539671851459,-1.422394301555983,0.35359978519486673
"Vanderburgh County, IN",0,-0.3298102988639643,-0.346386498165212,0.06314184586594142,0.2599405691294903,1.6980772220718876,0.03494407814016772,0.6706575083262392,0.44024287538787477,0.37418422654704303,0.13244895182507313,-0.21188266228681427,-0.5402464804815931,-0.44647663807346666,-0.36564353012247236,0.4719177167259092
"Ventura County, CA",0,0.2205544286753187,0.4286233892566133,0.43422136524852384,1.151832284958384,-1.20685659906783,0.04412525442153376,-1.5777021515954053,-0.356795199347428,0.7402474972365805,1.0180323569939485,0.1003593983146436,-0.6623485106772484,-1.0624958945927676,1.395673361324762,-0.10533384937197722
"Vermilion Parish, LA",0,-0.3298102988639643,-0.346386498165212,-1.0129887879305945,-2.415734715541241,0.6670588032662508,0.001117221580169211,0.6706575083262398,0.44024287538787477,-1.9159677696709245,-0.6251809630583318,-0.21188266228681427,0.40936072792749095,0.8101471549388192,0.2970398952326333,0.20646228963360183
"Vermillion County, IN",0,-0.3298102988639643,-0.346386498165212,0.1744657045345486,0.2599405691294903,1.3822343205302312,0.06221069780856175,0.6706575083262392,0.44024287538787477,0.18964822159670094,1.1610063837276476,-0.21188266228681427,-0.7036201920092876,0.7179716224982982,-1.9588391914127918,-0.8507425532541657
"Vernon County, WI",0,-0.3298102988639643,-0.346386498165212,0.28578956320315574,0.2599405691294903,-0.15121887120574357,0.8125408469815321,0.6706575083262378,0.44024287538787477,1.016048591591711,0.9391197972763905,-0.21188266228681427,-0.6920473894736143,-0.5032771124954268,-1.2870234491772359,0.353513756645523
"Vernon Parish, LA",0,-0.3298102988639643,-0.346386498165212,0.1744657045345486,-1.5238429539843306,-1.1091234126222087,0.021259813755331206,0.6706575083262392,0.44024287538787477,-1.091071769281488,-0.13869493182464157,-0.1929773399998255,0.14209073752532025,0.30745910281231553,0.11348819862254336,0.3305728101538032
"Victoria County, TX",0,-0.3298102988639643,-0.346386498165212,-0.08528996569220147,-0.63195119242742,-0.4641562137124498,0.03616060189862916,0.5698776666246617,-1.2676958561877743,0.2367851359046689,-0.7779113000508202,-0.1782586978892235,0.06639943006308661,0.8994325682601764,1.2082640481013782,0.628977171644842
"Vigo County, IN",0,-0.3298102988639643,-0.346386498165212,0.3600054689822272,0.2599405691294903,0.8482265842755147,0.036332766347721056,0.6706575083262392,0.44024287538787477,-0.9075386774015284,0.09401911004794818,-0.21188266228681427,0.37824761680748864,-0.6524072590442641,-0.5278602450549572,0.8870628196766837
"Volusia County, FL",0,-0.3298102988639643,-0.346386498165212,0.0260338929764057,-2.415734715541241,-0.10535351611404374,-0.3633788116368948,-1.1680777155607844,-1.7334973284356787,0.9545365899415971,1.0037625866854432,-0.21188266228681427,-0.26911224964582425,-0.19969900021849482,0.4139886601111612,0.039939694286835505
WI,1,0.1098614386343512,0.24873749645890766,0.4342213743000504,1.1518323279148686,-0.0441365306084908,-0.26961452299581484,0.4197511100553335,-2.548649904869511,0.19165404773746558,-0.23263454505761388,1.937702515555298,-1.3681216914215384,-1.2351854263640052,-0.20995287602351684,-0.4744035160158519
WV,1,1.6326956083693687,1.3828947464811363,0.43422137003749484,1.1518323267713353,-0.873477441708995,0.00409431176638412,-0.8214823549226113,-1.0026708805984497,-0.4497088607720112,-0.14770933915507842,0.46995835579456896,-0.11640718453976386,-0.6221236864314642,-1.323347842949719,-0.09049909073126719
"Wabash County, IN",0,-0.3298102988639643,-0.346386498165212,0.10024979875547714,0.2599405691294903,1.5573536790014963,0.09794434721556713,0.6706575083262392,0.44024287538787477,-1.7319332212557736,0.5626892174821448,-0.21188266228681427,-0.808552246670089,-0.511908934931328,-1.4292829026511507,-0.6320866570049666
"Walker County, AL",0,-0.3298102988639643,-0.346386498165212,0.32289751609269146,-0.63195119242742,-0.006806984510076781,-0.0313110732823139,0.6706575083262392,0.44024287538787477,0.9694131338189345,0.46147481938601354,-0.21188266228681427,0.9833797012029233,0.7603600362460298,-0.7104278557943086,-0.6453063774208201
"Walker County, TX",0,-0.3298102988639643,-0.346386498165212,-0.49347744747709443,-2.415734715541241,-0.13074964724299062,0.08596266462531595,-0.02763800813909999,0.20113145296728369,-0.0385145019152708,-0.9568710076845427,-0.18539414094578124,0.8409605305831945,-2.817992782494261,0.9880256302301691,2.030296211908399
"Waller County, TX",0,-0.3298102988639643,-0.346386498165212,-0.7903410705933803,-2.415734715541241,-0.6688690943264284,0.01669956733551504,-0.21349831081221265,-0.4654822095386057,-0.12952886305246403,-0.8729285755135214,-0.21188266228681427,0.5618189561685264,-0.6460875319036924,1.3708743973821584,1.1937545980878561
"Ward County, ND",0,-0.3298102988639643,-0.346386498165212,-3.350789819971345,-1.5238429539843306,1.8739787888621142,0.039940692968886034,0.6706575083262398,0.44024287538787477,-0.6949211064804821,-1.2919783653583607,-0.21188266228681427,-2.067318608532153,-2.355034234525859,-0.635086241530592,0.3497571766575038
"Warren County, MS",0,-0.3298102988639643,-0.346386498165212,0.32289751609269146,0.2599405691294903,0.42258240413053405,0.0391068664976835,0.6706575083262392,0.44024287538787477,-0.9085415904719107,-1.575781237292685,-0.21188266228681427,0.6155597844667123,0.9352315104162152,0.455202176377677,0.5180003429911504
"Warren County, NJ",0,-0.3298102988639643,-0.346386498165212,0.3600054689822272,0.2599405691294903,0.351147449663328,0.036332766347721056,0.6706575083262392,0.44024287538787477,1.2898438598060773,0.8078178378712136,-0.17176468208059198,-1.4159749890545126,-1.864292008091898,0.19705677076563144,-0.9523996223955965
"Warrick County, IN",0,-0.3298102988639643,-0.346386498165212,-0.23372177725034438,0.2599405691294903,1.603679791070296,0.08368165266981985,0.6706575083262392,0.44024287538787477,0.2819162240718722,0.858662258164817,-0.21188266228681427,-2.333851604624823,-1.1910098580915713,-1.1853870604473948,-2.085825760002102
"Washington County, AR",0,-0.3298102988639643,-0.346386498165212,0.21157365742408432,0.2599405691294903,1.186317514490932,-0.674439770923105,0.18630300482416864,0.44024287538787477,-2.556327765110019,-1.746817755325445,-0.21188266228681427,0.025147667496169274,-0.833367250825486,0.7683776638814025,0.9798015958694597
"Washington County, FL",0,-0.3298102988639643,-0.346386498165212,0.06314184586594142,-0.63195119242742,-1.814484566102898,0.036332766347721056,-2.0815346238595973,0.44024287538787477,1.244712771638874,1.2507573475394091,-0.21188266228681427,1.2375630629201766,-0.08174360523503388,-0.07522010795021392,0.6130618900162114
"Washington County, IN",0,-0.3298102988639643,-0.346386498165212,0.32289751609269146,0.2599405691294903,0.054942740770502006,0.036332766347721056,0.6706575083262398,0.44024287538787477,1.1975758573309063,0.8936919287559001,-0.21188266228681427,0.07731491334974594,0.11027590904218763,-1.9534464008411463,-1.020476881109773
"Washington County, TX",0,-0.3298102988639643,-0.346386498165212,0.21157365742408432,-0.63195119242742,-0.6893615166997564,0.03343657625484861,-0.6647433372331863,-1.5523523114503828,0.6941134959989949,-0.03692701748892206,-0.19899134198716492,-0.5153281053144212,-0.207290379771496,0.7600326156975424,0.9045266151935047
"Washington Parish, LA",0,-0.3298102988639643,-0.346386498165212,-0.2708297301398801,-2.415734715541241,2.8377601694344414,0.03689676238348455,0.6706575083262392,0.44024287538787477,0.12947343737376335,0.1787820066772208,-0.1946061425636971,1.6331099007057115,1.775369870896247,0.36238319704965005,1.4914420550010279
"Wayne County, IN",0,-0.3298102988639643,-0.346386498165212,0.13735775164501288,0.2599405691294903,0.8160861295519664,0.06723194651295925,0.6706575083262392,0.44024287538787477,-1.6396652187806025,0.22389774197989812,-0.21188266228681427,0.32552264553050614,0.9314550881005071,-0.5117606002096805,0.3069149590842178
"Wayne County, MI",0,0.9312179789879529,2.1871550108118427,0.4342213707418577,1.15183232757003,-1.8897412594574718,-0.26350897626465225,-2.3449547059512414,-0.9095796705348158,1.2908467728764594,1.4208653138396354,0.4546618697766058,0.840382886394667,0.8479884479390669,1.0812382439064918,0.1729971839388064
"Wayne County, MO",0,-0.3298102988639643,-0.346386498165212,0.21157365742408432,-0.63195119242742,-0.9567772757253291,-0.16279734864894893,-0.4917827054276132,-0.5560547180312537,1.0616811362941057,0.9122900744060642,-0.21188266228681427,1.2896705524783878,0.025961500605792442,-1.8483460298463064,-0.284215879641158
"Wayne County, MS",0,-0.3298102988639643,-0.346386498165212,0.3971134218717629,0.2599405691294903,-0.5709906770214691,0.036332766347721056,0.6706575083262398,0.44024287538787477,0.19165404773746558,-0.49025681771167384,-0.21188266228681427,1.4661508114561215,1.7330970619132837,-0.024756184498758705,-0.43178351794914244
"Weakley County, TN",0,-0.3298102988639643,-0.346386498165212,0.3600054689822272,0.2599405691294903,1.9103472396488301,-0.6297989772006849,0.6706575083262392,0.44024287538787477,1.3801060361404838,1.2618593018305786,-0.21188266228681427,0.6734636346753213,-0.7361821785784155,-0.9758554968498165,0.03242653431079636
"Webster County, WV",0,0.3937950384895563,-0.2471203017309656,0.4342212819915324,1.1518312158230923,-1.853173462848348,-0.19924190570276473,-2.303143185868039,-2.548649904869511,0.5577173184270029,0.2868799826701862,-0.20863568545940006,1.259433867023737,0.24595736795651604,-2.1866747522061005,-0.4387231542628879
"Weld County, CO",0,-0.3298102988639643,-0.346386498165212,-1.1243126465992017,0.2599405691294903,0.4766860549849359,0.06009969241458505,0.6706575083262378,0.44024287538787477,-0.6337434091871621,0.3231748332374709,-0.10448281730892138,-0.7015287216715154,-0.7330993848513081,0.872493949005504,-0.0418734561392587
"West Baton Rouge Parish, LA",0,-0.3298102988639643,-0.346386498165212,0.10024979875547714,0.2599405691294903,0.018730104013577026,0.036332766347721056,0.6706575083262398,0.44024287538787477,-0.9998066798766994,-0.6509346746892827,-0.21188266228681427,-0.26036791175742363,-0.32536137951972216,0.37773493663316643,0.9396836156920648
"West Carroll Parish, LA",0,-0.3298102988639643,-0.346386498165212,0.3971134218717629,0.2599405691294903,0.3644248755392722,0.036332766347721056,0.6706575083262392,0.44024287538787477,1.2908467728764594,-0.6212029452485444,-0.20774974515010347,0.959756045768658,0.5341600465195003,-0.48062412325952353,-0.37041648608379324
"West Feliciana Parish, LA",0,-0.3298102988639643,-0.346386498165212,0.13735775164501288,-0.63195119242742,0.6268802791937567,0.036332766347721056,0.6706575083262392,0.44024287538787477,-1.2736019480910656,-1.0590540591999538,-0.21188266228681427,0.2518630521106804,-2.006177589382031,0.26295116067026153,0.7963027001188199
"Westchester County, NY",0,-0.3298102988639643,-0.346386498165212,0.24868161031362004,0.2599405691294903,1.8999911621841348,-0.01957426206806319,0.6662721012301277,0.44024287538787477,-0.8142677618559748,0.4972477832131148,0.14900786368786012,-1.1689623827810494,-1.1595268271534833,1.2425889632727263,1.3737549994985088
"Wharton County, TX",0,-0.3298102988639643,-0.346386498165212,-0.38215358880848727,-1.5238429539843306,-1.5097556268797185,0.06958433682149369,-1.6702564973426774,-1.461779802957735,-0.11390013437234013,-0.006230588316329331,-0.19643936898594366,0.5958402069962881,1.120276203885856,1.3206466545396816,0.6518320895872173
"White County, AR",0,-0.3298102988639643,-0.346386498165212,0.24868161031362004,0.2599405691294903,0.29621675064482506,-0.9126488014827909,0.6706575083262392,0.44024287538787477,-0.9998066798766994,-1.764134906249705,-0.21188266228681427,0.22198490442821991,0.19713362230344897,-0.4881031758771341,1.111884095295533
"White County, IN",0,-0.3298102988639643,-0.346386498165212,-0.19661382436080865,0.2599405691294903,1.5718113275509409,0.0860040629491248,0.6706575083262392,0.44024287538787477,0.6469765816910271,0.9761891054394014,-0.21188266228681427,-1.1267744382534157,0.08850367834449044,-0.2805397840210323,-1.8598574370586678
"Whiteside County, IL",0,-0.3298102988639643,-0.346386498165212,0.3971134218717629,0.2599405691294903,-0.3198734875998589,0.036332766347721056,0.6706575083262392,0.44024287538787477,0.8325154997117515,0.41924943768028367,-0.19067994897607574,-1.1264159004812262,0.3041065646340855,-0.24263279628019674,-1.1551115608330518
"Whitley County, IN",0,-0.3298102988639643,-0.346386498165212,0.10024979875547714,0.2599405691294903,1.4989062624636973,0.26769042398703846,0.6706575083262392,0.44024287538787477,1.0150456785213289,1.0545279332305344,-0.21188266228681427,-1.6544225263256696,-0.7417312072872093,-1.8288217661708606,-2.278357653433856
"Wilcox County, GA",0,2.705638981284423,1.0743695070915875,0.43422136393814886,1.1518320705513796,0.133837572553737,0.036332766347721056,0.6706575083262392,0.44024287538787477,0.9247835021869223,0.41924943768028367,-0.20856538950810116,1.213859732425424,-0.629401910855723,0.38667043633946857,0.6496240234873893
"Wilkinson County, MS",0,-0.3298102988639643,-0.346386498165212,0.3971134218717629,0.2599405691294903,0.01999180162391709,0.036332766347721056,0.6706575083262392,0.44024287538787477,0.8325154997117515,0.027834382542899837,-0.21188266228681427,1.6546620045673264,0.49928594248159364,0.46390149547500303,1.0964276325967368
"Will County, IL",0,-0.3298102988639643,-0.346386498165212,0.0260338929764057,0.2599405691294903,0.6423677768866739,0.03342500588964318,0.6706575083262392,0.44024287538787477,0.5567144053566206,0.005319929784583878,0.04360912255436962,-1.5871966940401332,-1.0319762366944019,0.8730056736582876,-1.6249708211665763
"Willacy County, TX",0,-0.3298102988639643,-0.346386498165212,-1.3840683168259518,-2.415734715541241,-0.6580051867107709,0.013483582325772996,-0.7608048664019651,0.3182472517039004,0.1906511346670834,-1.9407164708969105,-0.21188266228681427,1.8394085510705407,1.179504378367913,1.6384276639184616,0.9447306239202425
"Williamson County, TX",0,-0.07160800218279766,-0.08519959042888445,0.43422136586809507,1.151832277249237,-1.6155918271002336,0.029698921611071124,-1.8907947894044177,-1.0542035147408182,0.5577173184270029,1.2414582747143272,-0.022037475657907646,-1.7273052879057516,-0.8449662622237288,0.9675566441188147,-1.3524610530280663
"Winn Parish, LA",0,-0.3298102988639643,-0.346386498165212,0.24868161031362004,-0.63195119242742,0.930167907216392,0.036332766347721056,0.6706575083262392,0.44024287538787477,-1.09207468235187,-0.41396646514671437,-0.2064444531313342,0.7351719690221631,0.5331581385581898,-0.10316814667917865,0.5658895687926141
"Winnebago County, IL",0,2.1333106664073718,1.7426339665152109,0.43422136529318406,1.1518323108979942,0.7548211560568948,-0.0013617672840107325,0.38743199931481936,0.44024287538787477,0.052750587489518025,-0.21444070692158376,-0.10440046351982227,0.1486838487805834,0.5997464830637166,0.6513501721332161,-0.22411059983285406
"Winston County, AL",0,-0.3298102988639643,-0.346386498165212,0.3600054689822272,0.2599405691294903,1.0247296924478149,-0.07492294024066341,0.6706575083262398,0.44024287538787477,1.1985787704012887,0.7430564378393918,-0.21188266228681427,0.9075688811499606,0.5577819534534639,-1.0885530107667556,-0.6198992791812404
"Winston County, MS",0,-0.3298102988639643,-0.346386498165212,0.3600054689822272,0.2599405691294903,0.8460292846279186,0.03659697937538454,0.6706575083262392,0.44024287538787477,0.9247835021869223,-0.2297878901111601,-0.21188266228681427,1.3035539317681715,1.5363377522806319,0.282121153432242,0.4844492087470112
"Wise County, TX",0,-0.3298102988639643,-0.346386498165212,0.3600054689822272,-0.63195119242742,-0.1802260196177898,0.036332766347721056,0.6706575083262392,0.44024287538787477,0.46544931595183187,0.5494839014805404,-0.1880689920157186,-0.6186865775306127,0.06630756350931419,0.4587055220775054,-0.5810143748777766
"Woodford County, IL",0,-0.3298102988639643,-0.346386498165212,0.13735775164501288,0.2599405691294903,0.30852782245754495,0.04247160717019953,0.6706575083262406,0.44024287538787477,0.5567144053566206,0.32139567389593743,-0.19745999658654412,-2.271864407566278,-1.5036051420202945,-1.8105964958447889,-2.005303037816167
"Woodruff County, AR",0,-0.3298102988639643,-0.346386498165212,0.21157365742408432,0.2599405691294903,-0.12049565704513003,-0.8487428711815921,0.6706575083262392,0.44024287538787477,-0.9998066798766994,-1.4654733581176038,-0.21188266228681427,1.164819732695946,1.3317943884870342,-0.604855123581514,0.15903188276197247
"Worth County, GA",0,1.4234347338589899,0.821793409305349,0.43422136680959617,1.1518321395667783,-1.0569712702502574,0.07417143119157035,0.4763974614948688,0.44024287538787477,0.5577173184270029,0.029257710016126575,-0.20406539201031942,1.1926462475708772,0.9917237054654636,0.0129933495027585,-0.6437578635326289
"Wright County, MO",0,3.218970398451572,2.8976324336467365,0.43422136583438653,1.15183222340698,-1.3307596489638764,0.025535388136210996,-1.002431022269947,-2.548649904869511,0.2839220502126366,-0.2297878901111601,-0.20500236059195587,1.4161347922356822,1.7054675231340795,-1.4810458194519798,-0.5108437547962307
"Wyoming County, PA",0,-0.3298102988639643,-0.346386498165212,0.21157365742408432,0.2599405691294903,-0.5257367142962803,-0.10741958102387208,0.6706575083262392,0.44024287538787477,0.19165404773746558,-0.10097675378413044,-0.21188266228681427,-1.4212136242815039,-1.4196375478781977,-1.6925061913562047,-1.3705270483902956
"Yell County, AR",0,-0.3298102988639643,-0.346386498165212,0.28578956320315574,0.2599405691294903,0.139486635057715,-0.767148934117404,0.6706575083262398,0.44024287538787477,-0.9998066798766994,-0.2315670494526936,-0.21188266228681427,0.4779211174761773,1.372101916468969,0.688981615830244,0.2093872603112961
"Yuba County, CA",0,-0.3298102988639643,-0.346386498165212,0.21157365742408432,-0.63195119242742,-1.4037864631205716,0.02580988574105721,-1.4009199812614839,-2.548649904869511,0.5577173184270029,1.0687612079628026,-0.21188266228681427,1.0741694326273605,1.0182742664401794,1.204288341183596,0.9370167306624027
