Model,Variable,Coefficient,SE,Effect_Ratio,Effect_Lower,Effect_Upper,p_value,Interpretation
Cox_PH,Ratio_disbursed_to_obligated,1.4740982682068398,0.5358879743150226,4.367096047559034,1.527721086089919,12.4836451249212,0.005945750391258549,Hazard Ratio (>1 = faster completion)
Cox_PH,Ratio_expended_to_disbursed,-0.04309237714093915,0.08842893532663926,0.9578229050386031,0.8054050941649968,1.1390848208723194,0.6260380798912495,Hazard Ratio (>1 = faster completion)
AFT_lognormal,Ratio_disbursed_to_obligated,-1.8536984587942549,0.4884146597745218,0.1566567052005032,0.0601464052479491,0.40802643454928983,0.00014744276135825903,Time Ratio (<1 = faster completion)
AFT_lognormal,Ratio_expended_to_disbursed,0.00768891823463355,0.13390837604692918,1.0077185538730837,0.7750973256376138,1.3101537706696216,0.9542112307217355,Time Ratio (<1 = faster completion)
