Analysis_Level,Model,Subset,N,Beta,SE,p_value,Significant,CFI,RMSEA,Overall_Fit
grantee,exp_optimal_v1,state,15,10.030808650973324,47.91846093694294,0.8341900275367504,False,0.7631890618060027,0.0,poor
grantee_disaster,exp_optimal_v1,state,23,0.3615084189406135,9.70376382404564,0.9702821210383268,False,1.3793886016868857,0.227050289553136,good
grantee,exp_time_to_milestone,all,54,-1.8467964481056989,1.4845210214032112,0.2134865976527495,False,0.7012120129460013,0.4266456068693919,poor
grantee_disaster,exp_time_to_milestone,all,88,-1.4630251017849434,1.207110323238172,0.225510037161575,False,0.85840770656555,0.335761925239697,poor
grantee,exp_time_to_milestone,state,28,-0.5456470708809082,1.2132993793123452,0.6529111156664562,False,0.7659050729982539,0.3537008095148818,poor
grantee_disaster,exp_time_to_milestone,state,52,-0.7530302088140557,2.729666505007838,0.7826487298180136,False,0.988647998145738,0.1043134488299902,good
grantee,improved_3x3,all,27,1.0960189536035183,2.237616242245771,0.62426451365341,False,1.351426767944969,0.0,good
grantee_disaster,improved_3x3,all,40,0.1456830645628115,0.2296925587226332,0.5259160929770466,False,1.485637847461028,0.0,good
