lval,op,rval,Estimate,Std. Err,z-value,p-value
recovery_outcome,~,gov_cap,1.0960189536035183,2.237616242245771,0.4898154263051895,0.62426451365341
Ratio_disbursed_to_obligated,~,gov_cap,1.0,-,-,-
Ratio_expended_to_disbursed,~,gov_cap,12.135398242100205,10.76601520625526,1.127194975077518,0.2596600545647263
Startup_Lag,~,gov_cap,2.3878859025876973,2.716596708377602,0.8789990414193296,0.3794017955839737
Duration_log,~,recovery_outcome,1.0,-,-,-
Spending_CV,~,recovery_outcome,-3.4832163225734263,3.656867207462881,-0.9525137569841138,0.34083649241426794
Time_to_50pct,~,recovery_outcome,-2.809584852619771,3.5229715649270688,-0.7975042661683067,0.42515822616108445
gov_cap,~~,gov_cap,0.0029673134360795224,0.005911478744921128,0.5019578964276822,0.6156971380170988
recovery_outcome,~~,recovery_outcome,1.0351873451081393e-33,0.006047722108824953,1.7116979357011197e-31,1.0
Duration_log,~~,Duration_log,0.08242593403569685,0.02263530822150223,3.641476105624907,0.0002710792888316327
Ratio_disbursed_to_obligated,~~,Ratio_disbursed_to_obligated,0.0346910388297812,0.0104013894999354,3.3352312041253165,0.0008522850555701122
Ratio_expended_to_disbursed,~~,Ratio_expended_to_disbursed,4.177305333747382,1.3059814375748735,3.1985947223730684,0.0013809915737992284
Spending_CV,~~,Spending_CV,0.2869522944177247,0.0862453401007478,3.327162882993947,0.0008773507426891314
Startup_Lag,~~,Startup_Lag,0.3934504057086948,0.10993657312034572,3.578885484036439,0.0003450626165821813
Time_to_50pct,~~,Time_to_50pct,0.0,0.023806423510364667,0.0,1.0
