lval,op,rval,Estimate,Std. Err,z-value,p-value
recovery_outcome,~,gov_cap,-0.5456470708809082,1.2132993793123452,-0.44972170940177336,0.6529111156664562
Ratio_disbursed_to_obligated,~,gov_cap,1.0,-,-,-
Ratio_expended_to_disbursed,~,gov_cap,0.8794844955797467,2.5448899590539145,0.3455884182537925,0.7296520511747202
Time_to_50pct,~,recovery_outcome,1.0,-,-,-
Spending_CV,~,recovery_outcome,-1.173599020008185,0.8988775232595752,-1.3056272847396262,0.1916793369970966
gov_cap,~~,gov_cap,0.05935315428449939,0.13219208920884656,0.4489917258988169,0.6534376254085916
recovery_outcome,~~,recovery_outcome,5.843151450419546e-15,0.042234897618425214,1.3834889581292817e-13,0.9999999999998896
Ratio_disbursed_to_obligated,~~,Ratio_disbursed_to_obligated,5.872684441838059e-15,0.13123688543134374,4.4748733730545524e-14,0.9999999999999643
Ratio_expended_to_disbursed,~~,Ratio_expended_to_disbursed,4.478492042253631,1.201224173032424,3.7282733254894436,0.00019279621263335045
Spending_CV,~~,Spending_CV,0.3620722261232454,0.09925568617119478,3.647873891024244,0.00026441935963594787
Time_to_50pct,~~,Time_to_50pct,0.027381006457418217,0.017624382464980205,1.5535867148974394,0.1202830302535054
