Model,chi2,chi2 p-value,CFI,TLI,RMSEA,AIC,BIC,N
No covariates,0.02220362218487537,0.8815466898696156,0.7902284702704485,-0.2586291783773089,0.0,17.998889818890756,33.19880490591618,40
With population,0.579991094711545,0.9889010195095517,0.20819674740706784,-0.7419671557044508,0.0,19.971000445264423,36.859794986403784,40
All covariates,17.928611255494047,0.26643728803853417,0.6732538243892215,0.4772061190227544,0.07936049849574142,24.879461796531622,43.93402853292807,32
