Model,chi2,chi2 p-value,CFI,TLI,RMSEA,AIC,BIC,N
full,15.38444553296236,0.05208735257716968,0.9376393346706386,0.8830737525074475,0.15190915802053337,25.249539242294517,47.52597610945052,41
reduced,56.315174439983885,1.7221335468775578e-11,0.49763657007713735,-0.2559085748071567,0.5718127667776396,19.252918320000788,38.10221105374818,41
exp_optimal_v1,0.02220362218487537,0.8815466898696156,0.7902284702704485,-0.2586291783773089,0.0,17.998889818890756,33.19880490591618,40
exp_optimal_v2,2.7097425369291983,0.6075108732567085,0.7576680844873778,0.39417021121844426,0.0,21.86451287315354,40.442186868406836,40
improved_3x3,4.094484689138973,0.848499631360612,1.4856378474610281,1.9105709639894277,0.0,25.795275765543053,47.75070866902423,40
improved_3x3_progress,57.00546381797164,1.796322313118992e-09,0.23752061354477472,-0.42964884960354743,0.3963190561761706,23.149726809101416,45.10515971258259,40
