Grantee,Ratio_disbursed_to_obligated,Ratio_expended_to_disbursed,Timeliness,Duration_of_completion,Ratio_obligated_funds_fully_expended,Quarter_by_quarter_variance_expended,Num_Disaster,Num_Program,Ratio_Program_Completed,Average_Duration_Program_Completion,E_TOTPOP,avg_employment,avg_payroll,SPL_THEME1,SPL_THEME2,SPL_THEME3,SPL_THEME4,SPL_THEMES
AK,0.13651602555819714,1.4364382254040355,0.05453854477043063,25.516447368421055,0.3255376556452588,0.38129137035423055,2.0,14.0,0.6428571428571429,16.331766917293233,72.77785,2.2488527301461456,55989.084508952255,1.4879794189454127,1.8150279882361648,1.1774932575000092,3.0227755218094,7.503287477667937
AL,0.6051918625750542,0.9853377135869609,0.02109048008317142,52.05701754385965,0.9037496571863878,0.25553889159771187,3.0,58.0,0.896551724137931,34.383592910848556,485.9575166666667,0.12890484100842192,2811.075977338309,2.520149562839533,2.153815370485133,1.0825712752066061,2.6116630616377248,8.368197947491515
AR,0.6878910593223434,0.30176499940511686,0.006794510750525233,147.17763157894737,0.7307264067711473,0.141398135208865,1.0,18.0,1.0,82.84907120743034,296.8234166666667,0.36116233703120637,5414.165301419562,2.4551200076495316,2.345903447889291,0.9899996274567674,2.7645102462740128,8.555536222160198
"Acadia Parish, LA",0.343404616150696,0.8800951823351538,0.026143550433647245,48.07675438596491,0.6760860811921757,0.3345649230159582,3.0,23.0,0.9565217391304348,56.25657894736841,6.135916666666666,0.0,0.0,3.37215,2.7386,0.9737666666666667,3.0593333333333335,10.143866666666666
"Adams County, CO",0.7085596055752897,1.1817436530444734,0.06663743971942131,15.006578947368421,1.0,0.36015515522393265,1.0,6.0,1.0,12.495614035087721,48.232883333333334,0.0,0.0,2.2455,2.1599,1.5120666666666667,2.6423166666666664,8.559783333333334
"Adams County, IL",0.568663357597004,0.9833253871742291,0.037018996590355575,27.013157894736842,1.0,0.3435380626566417,2.0,7.0,1.0,29.597744360902258,6.646200000000001,0.0,0.0,1.27915,2.1019,0.42111666666666664,2.418833333333333,6.221016666666666
"Adams County, IN",0.728936062911457,1.0319819328916275,0.01958510501224069,51.059210526315795,0.9999999999999998,0.33344623558358516,1.0,4.0,1.0,27.794407894736842,0.0,0.0,0.0,2.5884666666666667,1.8596333333333332,0.662,3.0568000000000004,8.1669
"Adams County, MS",0.6946143661782653,0.9612119908683462,0.03027285401314479,33.03289473684211,1.0,0.34446195232929133,1.0,3.0,1.0,40.03947368421053,0.0,0.0,0.0,3.8005333333333335,2.6107333333333336,1.4425833333333333,3.481116666666667,11.334966666666666
"Alachua County, FL",0.29031999864121866,1.0,0.03332602499451875,30.00657894736842,0.521471094600099,0.38602872395405774,1.0,3.0,1.0,12.002192982456142,0.0,0.0,0.0,2.2363833333333334,0.88865,1.2126833333333333,3.4568666666666665,7.7946
"Allegany County, MD",0.8009673785310735,1.0,0.06649168853893263,15.039473684210527,1.0,0.361422671511037,1.0,2.0,1.0,15.05592105263158,7.213566666666667,0.0,0.0,2.4743833333333334,1.8917333333333335,0.6265999999999999,2.92735,7.920083333333333
"Allen County, IN",0.812720782466878,0.9550833088026679,0.009508319779807331,105.17105263157895,1.0,0.388487603910161,1.0,3.0,1.0,21.015350877192983,0.0,0.0,0.0,1.8757333333333335,2.2702166666666668,1.1569333333333334,2.40845,7.711316666666666
"Allen Parish, LA",0.29336451894852944,0.9698615089362979,0.11194316604676183,39.80098684210527,0.5,0.24631621755658756,4.0,17.0,1.0,35.171052631578945,0.0,0.0,0.0,2.963316666666667,2.3217,1.1732166666666666,3.44185,9.9001
"Amite County, MS",0.40319305370566233,1.0014078792515317,0.037018996590355575,27.013157894736842,1.0,0.3729096494926615,1.0,1.0,1.0,33.03289473684211,0.0,0.0,0.0,3.594633333333333,2.5536833333333333,0.8827166666666667,2.1713999999999998,9.202416666666666
"Anchorage County, AK",0.011798581333333332,0.9756343621529102,0.04755944931163955,21.026315789473685,0.016643937777777777,0.40670334040051637,1.0,8.0,1.0,9.373355263157894,0.0,0.0,0.0,1.1663,1.8840333333333332,1.3449666666666669,3.1359166666666667,7.531233333333333
"Anderson County, TX",0.5180564821953265,0.9948708531256303,0.026437318165340666,40.549342105263165,0.6393442622950818,0.32951567306318374,2.0,9.0,0.8888888888888888,50.68503289473685,0.0,0.0,0.0,2.8145166666666666,1.6365666666666667,1.3438666666666668,3.7785833333333336,9.573533333333334
"Angelina County, TX",0.4073570449546446,0.9597809504563608,0.020040640462684722,54.069078947368425,0.9019650283783784,0.30534454409886447,2.0,20.0,1.0,77.52467105263159,8.694633333333332,0.0,0.0,3.23615,3.0004000000000004,1.3967333333333334,3.5343,11.167566666666666
"Aransas County, TX",0.2632894384858096,0.9929138678248541,0.12035771538375657,50.07236842105263,0.5961209958076438,0.2377448356634973,3.0,12.0,0.75,52.075292397660824,2.4149333333333334,0.0,0.0,2.58405,2.2268666666666665,1.2442666666666666,3.12645,9.181616666666667
"Ascension Parish, LA",0.2332969406825347,0.9996281951607212,0.050181737772530044,69.06359649122807,0.3620362469010036,0.2782767810730677,3.0,23.0,1.0,43.47768878718535,11.750466666666668,0.0,0.0,1.3452833333333334,2.2364833333333336,1.0874833333333334,2.1398166666666665,6.80905
"Ashley County, AR",0.5156128362373364,0.06220275830171498,0.011888002502737367,84.11842105263159,0.9999999999999998,0.22304930225873526,1.0,6.0,1.0,68.08771929824562,2.06845,0.0,0.0,3.0674166666666665,2.75995,1.11565,2.37935,9.322383333333333
"Assumption Parish, LA",0.24321814431973476,0.9968932534917588,0.14156487229313763,46.05921052631579,0.3333333333333334,0.21542101663500207,3.0,23.0,1.0,53.53060640732265,2.2607833333333334,0.0,0.0,2.9332833333333332,2.4815,1.1031,2.58255,9.100433333333333
"Atlantic County, NJ",0.8338654948396526,0.9988576321006338,0.007239474185559153,138.13157894736844,0.856890729789289,0.1867827745410276,1.0,64.0,1.0,16.43133223684211,27.167350000000003,0.021083026244799116,261.4749749101187,2.4600166666666667,2.186316666666667,1.4563499999999998,3.3376333333333332,9.4403
"Austin County, TX",0.2972034650869414,0.983711993974373,0.020631947545004505,51.807565789473685,0.6949015809284013,0.3063215231982782,4.0,19.0,0.7894736842105263,55.287280701754405,2.9246166666666666,0.0,0.0,1.9108166666666666,2.3128166666666665,1.3621999999999999,2.2669666666666664,7.852799999999999
"Avoyelles Parish, LA",0.3545784929494839,0.9950886049531725,0.021024916659162687,72.09539473684211,0.57295974371918,0.2893678656457014,2.0,13.0,0.9230769230769231,50.55756578947369,4.09575,0.0,0.0,3.5896333333333335,2.7178,0.9965333333333333,3.53255,10.836516666666668
"Bandera County, TX",0.26,0.9375,0.033289531318440646,30.039473684210527,0.375,0.3938299643454349,1.0,1.0,0.0,0.0,0.0,0.0,0.0,1.9512999999999998,2.06225,0.9519166666666666,2.128,7.0934333333333335
"Bartholomew County, IN",0.8142055268293181,1.021782839743391,0.010406682185403257,96.0921052631579,1.0,0.2811385228792005,1.0,15.0,1.0,23.82894736842105,0.0,0.0,0.0,1.2495666666666667,2.036966666666667,1.0145833333333334,2.3015666666666665,6.602683333333334
"Bastrop County, TX",0.3349719561302501,0.9913083124671376,0.018507190035116843,68.32894736842105,0.7946047680420781,0.26697947477987816,4.0,27.0,0.8148148148148148,68.95095693779905,8.235566666666667,0.0,0.0,2.506483333333333,2.0387166666666667,1.4828166666666667,2.9781999999999997,9.006216666666667
"Bay County, FL",0.12116127900647321,0.9893083300843668,0.18515365280142707,15.023026315789474,0.046378861561736304,0.2808536938296126,2.0,73.0,0.8904109589041096,7.90080971659919,17.696,0.11301989150090415,213.69518535262205,2.13795,2.205633333333333,1.028,2.981566666666667,8.35315
"Beauregard Parish, LA",0.4573112890054089,1.0,0.039630304008348494,31.070175438596493,0.7838551975572822,0.33564780368993646,3.0,11.0,1.0,42.055023923444985,0.0,0.0,0.0,2.39535,2.411166666666667,0.7900333333333333,2.6560333333333332,8.252583333333334
"Bee County, TX",0.25034509951564,1.2235093325723185,0.02311632625905869,45.055921052631575,0.5032142982282888,0.3063274994342752,2.0,5.0,1.0,36.651315789473685,3.22235,0.0,0.0,3.5863333333333336,2.025116666666667,1.5286166666666665,3.5478666666666663,10.687916666666666
"Benton County, AR",0.4101498239048723,0.38005008582764443,0.007744828289004382,129.1184210526316,0.32709099303672495,0.26480065814386033,1.0,5.0,1.0,78.07236842105263,25.11285,0.04714351600782116,559.19304397879,1.2047833333333333,1.8929666666666665,1.2374666666666667,2.1226833333333333,6.457916666666667
"Benton County, IA",0.1743322291880465,1.0,0.04755944931163955,21.026315789473685,0.4477650042538149,0.3697782658336803,1.0,7.0,1.0,16.721804511278197,0.0,0.0,0.0,0.46080000000000004,1.66835,0.27373333333333333,1.09655,3.49945
"Benton County, IN",0.8365214116379939,1.0740740740740742,0.010088941988583565,99.11842105263159,0.9999999999999999,0.37530088842314246,1.0,4.0,1.0,8.27138157894737,0.0,0.0,0.0,1.7454,2.6218,0.5616666666666666,1.3047333333333333,6.233616666666666
"Bergen County, NJ",0.5360789933198783,0.9231051072908392,0.01513040015926737,66.09210526315789,1.0000000000000004,0.28619526416184654,1.0,66.0,1.0,14.573464912280704,92.69608333333333,1.8803003982950768,23801.109809114092,0.9960999999999999,1.2710333333333332,1.4506,2.6406666666666667,6.3584
"Bladen County, NC",0.1788583868609118,0.7032151095492688,0.029588359199323646,36.04276315789474,0.5859618786692758,0.38872048805804904,2.0,4.0,1.0,25.532894736842106,3.3465333333333334,0.789729812798461,10502.381995867792,3.5418333333333334,2.7311666666666667,1.3693333333333335,2.9563,10.598616666666667
"Blanco County, TX",0.13187498452012383,1.0,0.06663743971942131,15.006578947368421,0.24,0.3717527125080443,1.0,1.0,1.0,15.006578947368421,1.1041333333333334,0.0,0.0,1.4161333333333335,1.8375833333333331,1.1649333333333334,1.7415666666666667,6.160216666666667
"Blount County, AL",0.7386852731184383,0.9936633305350286,0.11127379209370425,8.986842105263158,1.0,0.40129003701118016,1.0,1.0,1.0,11.980263157894738,0.0,0.0,0.0,2.6243333333333334,2.174533333333333,0.9245166666666668,1.9324166666666667,7.655833333333334
"Boone County, AR",0.6347056384199312,0.3333333333333333,0.047633970542149795,20.99342105263158,1.0,0.4330127018922193,1.0,2.0,1.0,20.99342105263158,0.0,0.0,0.0,2.266183333333333,2.3302,0.2776,2.3062666666666667,7.180266666666667
"Boone County, MO",0.07390299683246766,1.0,0.037018996590355575,27.013157894736842,0.10229541118586204,0.4248815750084246,1.0,1.0,1.0,27.013157894736842,17.322833333333335,3.3914775296573882,32675.226339032295,1.5796833333333333,1.0356666666666667,0.9886666666666667,2.8692666666666664,6.4732666666666665
"Bosque County, TX",0.41848793778097126,1.145887612942743,0.029015170615045733,34.5296052631579,1.0,0.3399138159085435,2.0,2.0,1.0,43.54276315789474,1.8171,0.0,0.0,2.2624,2.448166666666667,1.1422666666666668,2.3426833333333335,8.195516666666666
"Bossier Parish, LA",0.002490147081046965,1.0,0.04755944931163955,21.026315789473685,0.007470441243140895,0.4714045207910317,1.0,3.0,1.0,9.008771929824562,12.373916666666668,0.0,0.0,2.0574,2.2314166666666666,1.1186,2.9827833333333333,8.390183333333333
"Boulder County, CO",0.36177738412038724,1.4442920915638862,0.1724064144198575,45.05592105263158,0.49835722026634666,0.23636211789965933,2.0,184.0,0.9836956521739131,24.89462779877872,0.0,0.0,0.0,1.0541333333333334,0.7884833333333333,1.1272333333333333,2.663933333333333,5.633783333333334
"Bradford County, PA",0.5964416041191221,0.9989601843771633,0.025606469002695417,39.05263157894737,1.0000000000000002,0.2990631198547564,1.0,6.0,1.0,33.53179824561404,0.0,0.0,0.0,1.7416833333333333,2.0519333333333334,0.2707833333333333,2.5927666666666664,6.657183333333333
"Bradley County, AR",0.601302668016121,0.08529602186771162,0.011479495506381693,87.11184210526316,1.0,0.22875890687366227,1.0,6.0,1.0,63.553728070175445,0.0,0.0,0.0,3.31775,2.93235,1.4020666666666666,3.1902833333333334,10.842466666666667
"Brazoria County, TX",0.3081954629366804,1.0329973806504695,0.015710944489815522,69.84210526315789,0.5446361042195859,0.24806343086895194,4.0,104.0,0.9326923076923077,77.19017905588714,0.0,0.0,0.0,1.5133166666666666,1.9544333333333335,1.4779,3.0334333333333334,7.979083333333333
"Breathitt County, KY",0.1397719565918126,0.46576720929706505,0.06663743971942131,15.006578947368421,0.061376631004824836,0.4330127018922193,1.0,3.0,0.3333333333333333,6.026315789473685,1.3473166666666667,0.0,0.0,3.5965833333333332,2.0519,0.15286666666666668,3.4187833333333333,9.220133333333333
"Brevard County, FL",0.5714478172395198,1.0,0.09725792561968893,10.5,0.8610766847572827,0.2731611708972027,2.0,4.0,1.0,7.506578947368421,57.194816666666654,1.2967375540149475,13026.140189277061,1.8062333333333331,1.9718166666666666,1.0758333333333334,2.2347,7.088566666666666
"Brooks County, TX",0.6419861556110561,0.7917855869720262,0.010088941988583565,99.11842105263159,1.000000000000001,0.21608552501195666,1.0,6.0,1.0,108.63048245614037,0.7184166666666667,0.0,0.0,3.7920833333333337,2.986466666666667,1.6374666666666666,3.3923666666666663,11.808383333333333
"Broome County, NY",0.8310917383927112,0.9709851380451933,0.015065694174573159,85.58223684210526,0.9791773819927827,0.27301816887447405,2.0,103.0,1.0,52.2669633642931,0.0,0.0,0.0,2.1511,1.8998499999999998,0.9118166666666666,3.2122333333333333,8.175016666666666
"Broward County, FL",0.29563193843178104,0.9900085306402131,0.06663743971942131,15.006578947368421,0.003395446912503917,0.4714045207910317,1.0,13.0,0.9230769230769231,3.0,0.0,0.0,0.0,2.2595,1.8599333333333334,1.5722666666666667,2.809483333333333,8.501183333333332
"Brown County, IN",0.8009158581862897,1.0238360547064114,0.036973972269520795,27.04605263157895,1.0,0.2816711942945249,1.0,14.0,1.0,16.089755639097746,0.0,0.0,0.0,1.4026833333333333,1.64735,0.20763333333333334,1.4768999999999999,4.734566666666667
"Bureau County, IL",0.4160196498238145,0.9,0.02562805597706963,39.01973684210527,1.0,0.3623706664895779,1.0,2.0,1.0,37.53947368421053,3.3788,0.0,0.0,1.546166666666667,2.1984,0.7959499999999999,1.7395833333333333,6.280116666666667
"Burleson County, TX",0.41387560675207846,1.0133598605846248,0.0262086322979072,40.56578947368421,0.6070147619691555,0.3293978455953557,4.0,19.0,0.9473684210526315,41.048245614035096,0.0,0.0,0.0,2.1216166666666667,2.2769333333333335,1.3030000000000002,2.5055,8.20705
"Butler County, MO",0.37783985452454893,0.8015320360151297,0.04623660519047147,22.523026315789473,1.0,0.33377711043801345,2.0,4.0,1.0,32.2516447368421,0.0,0.0,0.0,3.3532999999999995,2.6640333333333333,0.46343333333333336,2.77665,9.257416666666666
"Butte County, CA",0.40780653562891306,1.0099958749071716,0.03166810449987075,32.03508771929825,0.5804633306489628,0.30322085581208963,3.0,51.0,0.5882352941176471,10.711622807017545,0.0,0.0,0.0,2.7509833333333336,1.9540333333333333,1.2079666666666666,3.4941666666666666,9.407166666666667
CA,0.19759286336962933,0.9305808679241654,0.0447517873712451,49.04714912280702,0.33697016299935373,0.31888866495753404,6.0,91.0,0.5274725274725275,31.175675675675677,3853.488383333334,1.0226092150297104,24619.19936940459,2.401033202861153,1.7625504473347782,1.5654794216145762,3.1014727299253693,8.830533237087408
CO,0.5268543484245181,0.5063598259062074,0.03372410435629276,51.04276315789474,0.4989092775136854,0.20336839802711096,2.0,550.0,0.9981818181818182,17.098166088297667,540.5132166666667,1.3721974973431266,29619.980716362785,1.4810230465821765,1.5393041245852717,1.2123563233583259,2.4727606901082786,6.705447736771696
CT,0.985389679411051,1.0298163079139246,0.011160501536498238,91.60197368421053,0.9935377648678936,0.2633026892488672,2.0,131.0,1.0,27.699102407180742,358.16383333333334,2.2818901300005145,33984.17382544579,1.5159762473424385,1.7061078935882499,1.2698771890393823,2.8359337213536833,7.327896091464447
"Calcasieu Parish, LA",0.3672835771909759,0.8901705060436546,0.10165611127478981,45.03125,0.5058083318780828,0.27295124902874374,4.0,65.0,0.9538461538461539,47.00493421052632,19.918666666666667,0.0,0.0,2.3931,2.403783333333333,1.0129166666666667,3.0701666666666667,8.879966666666666
"Caldwell County, TX",0.15310951676909504,1.1323527234258437,0.020651519876636108,49.5625,0.4287792608478518,0.285879280392459,2.0,8.0,0.625,36.64473684210527,4.108216666666666,0.0,0.0,2.8496166666666665,2.3406166666666666,1.5317833333333333,3.638,10.36
"Calhoun County, AR",0.7582058715856584,0.4234051085026853,0.011888002502737367,84.11842105263159,1.0,0.26682516903042947,1.0,3.0,1.0,57.067982456140356,0.0,0.0,0.0,2.5377833333333335,2.3259333333333334,0.7451833333333333,2.0881666666666665,7.697066666666667
"Calhoun County, FL",0.07255254389357012,0.8601082073895735,0.18331143232588698,16.519736842105264,0.18743819639188353,0.34273962390913953,2.0,9.0,0.8888888888888888,3.7483552631578947,0.0,0.0,0.0,3.246983333333333,2.2394666666666665,1.03805,3.5049499999999996,10.029433333333333
"Calhoun County, TX",0.42005270141909334,1.0412246499939897,0.01732218639941899,62.07894736842106,0.677849965696726,0.29206002341520415,3.0,22.0,0.8636363636363636,51.395083102493075,2.1316333333333333,0.0,0.0,2.4158000000000004,2.820733333333333,1.5231833333333331,2.711866666666667,9.471616666666666
"Callahan County, TX",0.30487052307695195,1.0,0.01848923488626688,54.08552631578947,0.9728529391976356,0.3645088289818687,1.0,2.0,1.0,54.08552631578947,1.3695166666666667,0.0,0.0,1.92975,2.27555,0.7812,1.5476666666666665,6.534166666666667
"Camden County, GA",0.5208655615741316,0.9206322203288652,0.020044088159884295,54.05263157894737,0.8829635986857063,0.2948192029832701,2.0,7.0,0.7142857142857143,39.03289473684212,0.0,0.0,0.0,2.1866,2.01215,0.9498000000000001,2.7274999999999996,7.876033333333333
"Cameron County, TX",0.18394836927706287,0.9745423755362409,0.04681496137323601,39.036184210526315,0.291013821349769,0.3583507351979093,4.0,68.0,0.9852941176470589,67.48595836606441,41.55321666666667,0.0,0.0,3.9215666666666666,2.584566666666667,1.6589166666666666,3.2526166666666665,11.417666666666667
"Cameron Parish, LA",0.3599402756297723,0.9939985007129941,0.031334792416371215,66.81578947368422,0.5366012978000001,0.2579122212801397,4.0,39.0,0.9743589743589743,68.45100415512465,0.0,0.0,0.0,1.4072166666666668,1.7493166666666669,0.6135499999999999,1.9561666666666666,5.726266666666667
"Campbell County, TN",1.0,0.4880970052083333,0.08301474604041506,12.046052631578949,0.9523880208333333,0.4330127018922193,1.0,2.0,1.0,10.5,0.0,0.0,0.0,3.5560666666666667,2.3211833333333334,0.13121666666666668,2.7554166666666666,8.76385
"Cape May County, NJ",0.3838632031579603,1.0115678572722482,0.012331656660717182,81.0921052631579,0.9999999999999996,0.22585368019729668,1.0,22.0,1.0,22.807117224880383,9.5206,1.5336089314730643,13521.760846563186,1.5728,1.7202666666666666,0.9320499999999999,2.5825333333333336,6.807666666666667
"Carroll County, AR",0.600317244504872,0.2,0.011888002502737367,84.11842105263159,1.0,0.372677996249965,1.0,1.0,1.0,84.11842105263159,0.0,0.0,0.0,2.5576166666666666,2.1671333333333336,1.1539666666666666,2.3958999999999997,8.274583333333334
"Carroll County, IN",0.7443021694168174,1.029568116500266,0.011479495506381693,87.11184210526316,1.0000000000000002,0.21310472813422776,1.0,14.0,1.0,27.245770676691734,0.0,0.0,0.0,1.4346666666666668,1.8141833333333333,0.5650666666666667,1.3754333333333333,5.18935
"Carroll County, TN",1.0,0.20000132141475951,0.06649168853893263,15.039473684210527,1.0000066070737976,0.4,1.0,2.0,1.0,10.532894736842106,2.8302,0.0,0.0,2.9276166666666668,2.28715,0.5780333333333333,2.6729333333333334,8.465733333333334
"Carter County, MO",0.29316739891987653,0.9160157116430951,0.021131088983048343,49.546052631578945,0.5353288862665382,0.3226517230514069,2.0,26.0,0.9230769230769231,29.7749451754386,0.0,0.0,0.0,3.1761,2.5399333333333334,0.16715,2.2758499999999997,8.159033333333333
"Cass County, IL",0.46443949533637774,0.5,0.051828218154888445,21.00986842105263,0.5000000000000001,0.3462683874286154,2.0,4.0,1.0,12.761513157894738,1.3016666666666665,0.0,0.0,2.2390166666666667,2.3954833333333334,1.2357333333333334,2.4186166666666664,8.288833333333335
"Cass County, IN",1.0,0.9963152761220604,0.06663743971942131,15.006578947368421,1.0,0.40632348019225106,1.0,2.0,1.0,15.006578947368421,3.82905,0.0,0.0,2.4059666666666666,2.422,1.1614666666666666,2.55505,8.544483333333334
"Cass County, TX",0.5244779817461221,0.8379161089003083,0.015856457333611518,63.06578947368421,0.8794961195343164,0.27823366961783247,2.0,2.0,1.0,78.11513157894737,2.9946,0.0,0.0,3.0370333333333335,2.6814666666666667,0.8523166666666667,2.8406333333333333,9.411433333333333
"Catahoula Parish, LA",0.2963427671050444,0.9978897642472336,0.16953610712577713,88.625,0.4767874067195715,0.27028603258942885,2.0,13.0,0.9230769230769231,67.83004385964911,0.0,0.0,0.0,3.3624500000000004,1.8586500000000001,0.8651333333333334,3.3830666666666667,9.469299999999999
"Chambers County, TX",0.2740322219763532,0.9864386232869771,0.02614986984981847,61.577302631578945,0.5322464852539265,0.3054412804582848,4.0,43.0,0.9767441860465116,85.47415413533835,0.0,0.0,0.0,1.8447500000000001,1.81125,1.3045,1.8541333333333334,6.814666666666667
"Charleston County, SC",0.45669459619786845,1.0,0.03325311747976373,30.072368421052634,0.9430372398954433,0.3554050501592753,1.0,2.0,1.0,25.565789473684212,38.34786666666667,0.0,0.0,1.72255,1.2963666666666667,1.2040166666666667,2.9380333333333333,7.160966666666667
"Charlton County, GA",0.36460903572915737,1.0,0.027757487216946677,36.026315789473685,0.9104141186642772,0.3269758703646006,1.0,1.0,1.0,36.026315789473685,1.2823,3.4659942637794936,52252.72297174348,3.8125999999999998,1.6441666666666668,1.2713166666666667,3.2036333333333338,9.931750000000001
"Chatham County, GA",0.44703058050268835,1.0,0.030303030303030304,33.0,0.8522954654740437,0.4064357494292077,1.0,2.0,1.0,33.0,28.1218,2.6480049878267637,42073.00386177272,2.44585,1.9546333333333334,1.36175,3.0741333333333336,8.836383333333332
"Cherokee County, IA",0.26406567547331267,0.6666666666666666,0.036973972269520795,27.04605263157895,1.0,0.42872738953253264,1.0,1.0,1.0,27.04605263157895,0.0,0.0,0.0,0.7090166666666667,1.8136833333333333,0.4681666666666667,2.1379333333333332,5.128816666666666
"Cherokee County, TX",0.7082959778201101,0.928430493343176,0.011098130841121495,90.10526315789474,1.0,0.27098307333195104,1.0,37.0,1.0,71.36504267425319,5.122183333333334,0.0,0.0,3.2069500000000004,2.6161666666666665,1.4080833333333331,3.472683333333333,10.703899999999999
"Chicot County, AR",0.5376996846648906,0.36256116132695726,0.011888002502737367,84.11842105263159,1.0,0.2972399361795084,1.0,2.0,1.0,49.5625,0.0,0.0,0.0,3.8304500000000004,3.1551833333333335,1.2911333333333332,3.8768499999999997,12.153616666666666
"Citrus County, FL",0.3138805803265959,0.8851357031443451,0.01751959428307976,57.078947368421055,0.9111787862537718,0.3200652101660324,1.0,1.0,1.0,57.078947368421055,0.0,0.0,0.0,2.70605,2.0620166666666666,0.7294666666666667,2.2791166666666665,7.77665
"Clark County, IL",0.6613328623491139,0.9868829800457339,0.02947704048579419,34.51315789473684,0.9999999999999999,0.34695440375523867,2.0,10.0,1.0,24.31907894736842,1.5963166666666666,0.0,0.0,1.4305,2.18885,0.103,1.5888499999999999,5.3112
"Clark County, IN",0.825064880089005,0.9413417259600559,0.041632429471377706,24.019736842105264,1.0,0.27735955921137406,1.0,4.0,1.0,36.807565789473685,11.4697,0.0,0.0,1.5925666666666667,1.8250333333333335,0.8781166666666667,2.1570666666666667,6.4527833333333335
"Clarke County, MS",0.6429616244506414,0.9957052220706141,0.03336259877085162,29.97368421052632,1.0000000000000002,0.33911361997621786,1.0,5.0,1.0,39.03289473684211,0.0,0.0,0.0,3.426183333333333,2.886616666666667,0.8019666666666666,2.0818833333333333,9.196633333333333
"Clay County, AR",0.7610343926150341,0.2268998112757333,0.011479495506381693,87.11184210526316,1.0000000000000002,0.368410895961185,1.0,1.0,1.0,87.11184210526316,0.0,0.0,0.0,3.127883333333333,2.6531166666666666,0.22473333333333334,1.8107,7.816416666666666
"Clay County, FL",0.16832956932086898,1.0,0.027757487216946677,36.026315789473685,0.2708093608021134,0.37859857031986555,1.0,1.0,1.0,36.026315789473685,0.0,0.0,0.0,1.6123500000000002,2.104366666666667,1.1006666666666667,1.9278166666666667,6.745216666666667
"Clay County, IN",0.8365250462904813,1.29578852669962,0.03325311747976373,30.072368421052634,1.0,0.2986476830795076,1.0,5.0,1.0,18.625000000000004,0.0,0.0,0.0,1.71115,2.3069333333333333,0.19920000000000002,1.959933333333333,6.1772
"Cleburne County, AR",0.5321090705700238,0.13529681186006645,0.013320480238366489,75.07236842105263,1.0,0.3125246208159748,1.0,1.0,1.0,75.07236842105263,0.0,0.0,0.0,2.3615999999999997,2.06535,0.30215,1.8507833333333334,6.579866666666667
"Cleveland County, AR",0.6528809654223867,0.16549318708489502,0.011479495506381693,87.11184210526316,1.0,0.22407376080137456,1.0,7.0,1.0,68.20676691729325,0.0,0.0,0.0,2.1999666666666666,2.626916666666667,0.6564333333333333,1.73965,7.222983333333333
"Cleveland County, OK",0.7902335492722831,0.9778281308609897,0.01446104081438493,69.15131578947368,0.985931789029973,0.2522858704846433,1.0,171.0,1.0,22.929566563467493,27.29275,0.0,0.0,1.4306333333333334,1.6326666666666665,1.0965333333333334,2.7560333333333333,6.91585
"Coffee County, GA",0.44415697365888623,1.0,0.030303030303030304,33.0,0.9962673267983831,0.39905990025705035,1.0,2.0,1.0,33.016447368421055,4.278716666666666,2.8651720163583145,38755.779575651584,3.4276999999999997,2.6266833333333333,1.3235833333333333,3.5894833333333334,10.967483333333334
"Cole County, MO",0.004438620934973254,0.9786534514663713,0.036973972269520795,27.04605263157895,0.006223051454995692,0.48271573880210855,1.0,9.0,0.7777777777777778,9.475563909774438,0.0,0.0,0.0,1.0419833333333333,1.8023999999999998,0.7477166666666667,2.5417833333333335,6.133883333333333
"Coles County, IL",0.4464236145985131,0.9062263255685848,0.03178119266579272,31.53618421052632,1.0,0.3466877575035674,2.0,10.0,1.0,20.720394736842106,0.0,0.0,0.0,2.5664166666666666,1.3445166666666666,0.5494,3.0817333333333337,7.542066666666667
"Collier County, FL",0.30734004845429447,1.0,0.3333333333333333,3.0,0.30734004845429447,0.0,2.0,5.0,1.0,3.0,0.0,0.0,0.0,1.8788166666666666,1.7565166666666665,1.4135,2.7236333333333334,7.772449999999999
"Colorado County, TX",0.2578732418534,1.0874042599355838,0.027047174638141755,39.05263157894737,0.5235038345001929,0.3077426372832616,2.0,10.0,0.8,30.035361842105264,0.0,0.0,0.0,2.0623,2.2946166666666667,1.4253166666666666,2.8508166666666668,8.633033333333334
"Columbia County, FL",0.038562104943650304,1.0,0.16593886462882093,6.026315789473685,0.07712420988730061,0.5,1.0,2.0,1.0,6.026315789473685,0.0,0.0,0.0,3.147883333333333,2.306766666666667,0.9640666666666666,3.6778833333333334,10.096583333333333
"Columbia County, PA",0.38197390078009363,0.9391216198165977,0.015772461354521455,85.58223684210527,0.9053178812758438,0.21581735913746242,2.0,34.0,1.0,46.4655572755418,0.0,0.0,0.0,1.7498333333333331,1.2001000000000002,0.45533333333333337,2.6947166666666664,6.099983333333333
"Concordia Parish, LA",0.603906873572006,1.0,0.020804817957842867,48.06578947368421,1.0,0.28111129899718856,1.0,3.0,1.0,46.015350877192986,0.0,0.0,0.0,3.8077166666666664,2.75445,1.0035,3.5444166666666668,11.110066666666667
"Conway County, AR",0.5054667270929816,0.38223405083805106,0.011479495506381693,87.11184210526316,1.0000000000000002,0.30745392471800204,1.0,2.0,1.0,49.546052631578945,2.09795,0.0,0.0,2.67965,2.8380166666666664,0.8691666666666666,2.6140166666666667,9.00085
"Cook County, GA",0.036047356095130226,1.0,0.023802067021609773,42.01315789473684,0.093660163867007,0.3921731046942045,1.0,1.0,1.0,42.01315789473684,0.0,0.0,0.0,3.5651666666666664,2.56695,1.2035166666666666,2.6527666666666665,9.988416666666668
"Cook County, IL",0.5852944769664425,0.9755376781951337,0.009206346028517727,109.62828947368422,0.8105167185197959,0.23762727249562515,2.0,230.0,0.9565217391304348,29.267352728150648,520.7808833333333,0.6749256274940687,19686.488423410425,2.4539666666666666,1.7081833333333334,1.5551833333333331,3.2638,8.98115
"Copiah County, MS",0.5464883662771111,1.0,0.037018996590355575,27.013157894736842,0.9999999999999999,0.28316398737113563,1.0,3.0,1.0,35.02850877192983,0.0,0.0,0.0,3.5118500000000004,2.3261,1.3072166666666667,3.2862833333333334,10.431433333333333
"Coryell County, TX",0.3635207590349149,1.0118776456809708,0.06923447991550122,15.039473684210527,0.4999999999999999,0.42408548246477723,2.0,3.0,1.0,11.015350877192981,7.666,0.0,0.0,2.66605,2.2685166666666667,1.2890333333333335,2.8819666666666666,9.105583333333334
"Craighead County, AR",0.6566121630145407,0.1,0.013320480238366489,75.07236842105263,1.0,0.2763853991962833,1.0,2.0,1.0,70.54934210526315,0.0,0.0,0.0,2.5188833333333336,2.5612333333333335,0.9772166666666666,3.1812166666666664,9.23855
"Crawford County, AR",0.632959099635391,0.23145115883274534,0.011479495506381693,87.11184210526316,1.0000000000000002,0.24803369940750308,1.0,8.0,1.0,52.56003289473685,6.17855,0.0,0.0,2.6521833333333333,2.6583833333333335,0.9404666666666666,2.23895,8.489983333333333
"Crawford County, IL",0.6582602433686112,0.9898302400000001,0.03515426395439811,28.526315789473685,1.0,0.408930607465839,2.0,4.0,1.0,26.28125,0.0,0.0,0.0,1.803416666666667,1.7316666666666667,0.6849666666666666,2.4063666666666665,6.626416666666667
"Crawford County, IN",0.6792569225986889,1.0,0.06649168853893263,15.039473684210527,0.9999999999999998,0.3887365981644416,1.0,6.0,1.0,15.023026315789474,0.0,0.0,0.0,2.640233333333333,2.116016666666667,0.1454,1.9869833333333335,6.888616666666667
"Creek County, OK",0.6264078997598208,1.0237184368854704,0.03027285401314479,33.03289473684211,0.9999999999999998,0.31611842054618444,1.0,45.0,1.0,19.74926900584795,7.08655,2.4603683194721313,16863.185925306123,2.06205,2.2197999999999998,0.8533166666666667,2.6204,7.755566666666667
"Crisp County, GA",0.2517790039122081,1.1083682299997832,0.027757487216946677,36.026315789473685,0.8019899070248052,0.3635473693720241,1.0,1.0,1.0,36.026315789473685,2.2542666666666666,9.61140356065535,129360.71844009386,3.9280166666666667,2.9588,1.1669666666666665,3.3597,11.413516666666666
"Crittenden County, AR",0.690197324566009,0.1515142927905114,0.013320480238366489,75.07236842105263,1.0,0.2863327911049988,1.0,2.0,1.0,46.55263157894737,0.0,0.0,0.0,3.5565333333333338,2.6661333333333332,1.1228833333333335,3.1613666666666664,10.506916666666667
"Cross County, AR",0.6095517235901509,0.2,0.013873676524278934,72.07894736842105,1.0,0.4,1.0,1.0,1.0,72.07894736842105,1.7244833333333331,0.0,0.0,3.0781666666666667,2.888,0.7403166666666667,2.5139833333333335,9.220466666666667
"Cullman County, AL",0.5983468180850594,1.0012122026195787,0.04755944931163955,21.026315789473685,0.9999999999999999,0.2858521349604597,1.0,3.0,1.0,17.013157894736842,0.0,0.0,0.0,2.6113166666666667,2.1205166666666666,0.6595,2.3084166666666666,7.699750000000001
"Cumberland County, IL",0.45405195707889456,1.0024858957910647,0.038879150842341025,31.519736842105264,1.0,0.38137499143794756,2.0,4.0,1.0,27.013157894736842,1.0835333333333335,0.0,0.0,1.4841666666666666,1.9036,0.14905000000000002,1.6208666666666665,5.157683333333334
"Cumberland County, NC",0.24646924148576202,0.973301417771063,0.07921371444429534,15.023026315789474,0.6605181823647295,0.6125598781331542,2.0,3.0,1.0,19.05263157894737,32.7452,1.3799025562581748,21430.842450869815,2.7594833333333333,2.5223999999999998,1.3675666666666668,3.2802666666666664,9.92975
"Cumberland County, NJ",0.6666644323151074,1.0,0.16593886462882093,6.026315789473685,1.0,0.4714045207910317,1.0,2.0,1.0,9.05263157894737,15.428366666666667,0.0,0.0,3.3258500000000004,2.4860333333333333,1.5272333333333332,3.7408333333333332,11.079950000000002
"Dallas County, AR",0.7322337396300839,0.5992681711904424,0.011888002502737367,84.11842105263159,1.0000000000000002,0.30311715068287864,1.0,2.0,1.0,55.58223684210527,0.0,0.0,0.0,2.5197833333333333,2.6246666666666667,1.1493666666666666,3.15065,9.444466666666667
"Dallas County, TX",0.06131938995134844,2.690894701425504,0.07248605882600945,19.49671052631579,0.12110710763989264,0.4522086113416255,2.0,13.0,0.46153846153846156,3.0,251.60416666666666,0.0,0.0,2.8000666666666665,2.19075,1.62105,2.9320833333333334,9.543933333333333
"Dane County, WI",0.4777127723440152,0.8241710863792856,0.025606469002695417,39.05263157894737,0.9999999999999999,0.2898930022358354,1.0,4.0,1.0,21.782894736842106,52.16238333333333,0.0,0.0,0.7451666666666666,0.9887666666666667,1.0574666666666668,2.8585833333333333,5.649983333333334
"Dauphin County, PA",0.6847032245336535,0.812937209236182,0.012343462349381482,81.125,0.9751328296634689,0.1931786323101762,2.0,72.0,1.0,43.23684210526316,27.407083333333333,0.0,0.0,1.4738,2.0558333333333336,1.2414833333333333,2.804116666666667,7.57525
"Davidson County, TN",0.6957005379472528,1.007074687423122,0.00979002962772124,102.14473684210527,1.0,0.21845666606127015,2.0,73.0,1.0,31.264567669172955,66.886,0.5500926342576825,13091.73143528523,2.146333333333333,1.55725,1.4349999999999998,3.1292333333333335,8.267816666666667
"Daviess County, IN",0.84562506879425,1.1171983881390062,0.036973972269520795,27.04605263157895,1.0,0.2920365826914652,1.0,8.0,1.0,16.885690789473685,0.0,0.0,0.0,2.3880333333333335,2.05375,0.7067333333333333,3.1364666666666667,8.284966666666667
"Dearborn County, IN",0.8183863889544097,1.21872352808963,0.010088941988583565,99.11842105263159,1.0,0.276455453467489,1.0,12.0,1.0,31.023574561403507,0.0,0.0,0.0,1.0771166666666667,1.6777499999999999,0.11919999999999999,1.5166000000000002,4.390666666666667
"Decatur County, GA",0.0031167515171099686,0.5,0.1668496158068057,5.993421052631579,0.006233503034219937,0.5,1.0,3.0,0.6666666666666666,3.0,2.7526,4.026496161205163,45602.248782968825,3.4620833333333336,2.623066666666667,1.1183166666666666,3.7335333333333334,10.937
"Decatur County, IN",0.7409468728479073,1.0095910066564862,0.06663743971942131,15.006578947368421,0.9999999999999999,0.4138267258759983,1.0,2.0,1.0,66.09210526315789,2.626783333333333,0.0,0.0,1.4403833333333333,1.8857666666666668,0.31893333333333335,1.7363833333333334,5.38145
"Delaware County, NY",0.9624138835542899,0.9825109153055782,0.00948913634941972,112.63815789473685,0.9990972663639536,0.23623630640683152,2.0,30.0,1.0,51.15899122807018,0.0,0.0,0.0,2.1054,2.021733333333333,0.5803833333333334,3.1291999999999995,7.836733333333334
"Desha County, AR",0.4811790582474839,0.26463972453754525,0.011479495506381693,87.11184210526316,1.0,0.19576845297182915,1.0,6.0,1.0,67.06250000000001,0.0,0.0,0.0,3.7092500000000004,3.20065,1.3888333333333334,2.4327166666666664,10.731433333333333
"Dillon County, SC",0.02035132011122169,1.0,0.03027285401314479,33.03289473684211,0.030154749419599162,0.3806438524104736,1.0,3.0,1.0,24.030701754385962,0.0,0.0,0.0,3.9568666666666665,2.79895,1.2234333333333334,3.2153666666666667,11.194633333333334
"Dodge County, NE",0.5379438095713602,0.9994719239650817,0.05555555555555555,18.0,0.5835600109407093,0.35871969708149964,1.0,4.0,0.75,11.991228070175438,3.674416666666666,5.0731931982924205,58107.22441552732,1.7470999999999999,2.4636333333333336,1.0586166666666668,2.5433833333333333,7.812733333333333
"Dorchester County, MD",0.6281004835926504,1.0,0.055353241077931534,18.065789473684212,1.0,0.3614210178919115,1.0,1.0,1.0,18.065789473684212,3.2360666666666673,0.0,0.0,2.5134666666666665,2.66195,1.2075833333333332,2.5405333333333333,8.923566666666668
"Dougherty County, GA",0.21668227831236186,0.9580374438780386,0.018350340575653965,57.0296052631579,0.4439743389864863,0.30253012053370854,2.0,5.0,0.6,42.02412280701754,9.091883333333334,3.928641480587997,45468.8900631149,3.8457833333333333,2.578133333333333,1.2290833333333333,3.2731,10.9261
"Douglas County, IL",0.5316142100094747,0.9779122236207037,0.027047174638141755,39.05263157894737,1.0,0.35469362508870617,2.0,5.0,1.0,31.236842105263158,0.0,0.0,0.0,1.9069,1.8910999999999998,0.8029833333333333,2.4642666666666666,7.06525
"Douglas County, NE",0.017006803584574168,1.0,0.16777041942604853,5.960526315789474,0.01846333735413338,0.40633385871203237,1.0,2.0,1.0,5.960526315789474,54.7204,3.7554550039838883,62562.55436729264,1.5085166666666667,2.0429666666666666,1.27515,2.892533333333333,7.7191833333333335
"Drew County, AR",0.5515720901706104,0.11396738978702607,0.012809708410584862,78.06578947368422,0.9999999999999999,0.29967127310841807,1.0,2.0,1.0,73.5592105263158,1.83355,0.0,0.0,2.8861666666666665,2.2678833333333333,0.9126833333333333,3.4828499999999996,9.549566666666665
"Dubois County, IN",0.8864053115186366,1.0127738773079098,0.013873676524278934,72.07894736842105,1.0,0.21040077799814272,1.0,10.0,1.0,15.029605263157894,0.0,0.0,0.0,0.9461666666666666,1.7826666666666666,0.7943166666666667,2.145766666666667,5.6689
"Duplin County, NC",0.2125812902299747,1.0,0.03930320087044925,25.532894736842106,0.009624680814156673,0.4330127018922193,2.0,4.0,0.75,25.039473684210524,0.0,0.0,0.0,3.7015166666666666,2.8059833333333337,1.5129666666666666,2.9798833333333334,11.00035
"Duval County, FL",0.36213115235869875,1.0,0.14025853033686583,22.024122807017545,0.6574666296895897,0.33728856712160327,3.0,3.0,1.0,26.037280701754387,91.75126666666667,3.134834105832508,60617.81299658715,2.3058333333333336,2.0159,1.3930999999999998,3.0917,8.806533333333332
"Dyer County, TN",0.9964556639333135,0.5046918207182485,0.050757616447666146,33.04934210526316,0.9893250690284536,0.3173491059874908,2.0,4.0,1.0,43.57565789473685,3.7649166666666667,0.5059240544753726,6636.952060533814,2.83535,2.733233333333333,0.7407166666666667,2.331583333333333,8.6409
"East Baton Rouge Parish, LA",0.34890782612564225,0.7430485432133745,0.10762554256894535,42.79440789473684,0.4927483092686481,0.32974047783257254,4.0,51.0,0.9215686274509803,76.68128654970761,44.43951666666667,0.08286633066155495,2380.010017151024,2.2726333333333333,2.0563833333333332,1.3571333333333333,3.0435166666666666,8.729666666666667
"East Carroll Parish, LA",0.34789860860795957,1.0,0.011483831973405863,87.07894736842105,0.9999999999999999,0.2592947135470298,1.0,3.0,1.0,71.0921052631579,0.7421333333333334,0.0,0.0,3.923716666666667,2.3024999999999998,1.0286,3.6885666666666665,10.943399999999999
"East Feliciana Parish, LA",0.2648468617278036,1.0,0.17129206986793255,55.54934210526316,0.5,0.1799897809204514,2.0,8.0,1.0,37.91365131578948,0.0,0.0,0.0,2.7241999999999997,1.7734666666666667,0.9759000000000001,3.4095333333333335,8.8831
"Eastland County, TX",0.22257111967799895,0.9882631104735854,0.023783445470192455,42.04605263157895,0.5640963518929251,0.30101069793059454,1.0,4.0,0.25,3.0,1.8264333333333331,0.0,0.0,2.6774,2.3867833333333333,1.0878666666666665,3.2013666666666665,9.353433333333333
"Edgar County, IL",0.5697452317193328,0.9733568820986074,0.0305108484908204,33.04934210526316,1.0,0.3267669493646796,2.0,11.0,1.0,30.302631578947366,1.7739666666666667,0.0,0.0,1.9165,2.2418333333333336,0.21261666666666668,2.161233333333333,6.5322
"Edgecombe County, NC",0.1561457267886135,0.9989494267324416,0.041632429471377706,24.019736842105264,0.3098999037878897,0.36465049652267995,1.0,2.0,0.5,21.026315789473685,0.0,0.0,0.0,3.7821666666666665,2.7698,1.3417333333333332,3.3428166666666663,11.236533333333334
"El Paso County, CO",0.4941937741883093,1.0154842129318191,0.013867347869719914,72.11184210526316,0.9949550239012139,0.27272587716400265,1.0,43.0,1.0,20.046358629130967,0.0,0.0,0.0,1.4451166666666666,1.8607666666666667,1.1800499999999998,2.641966666666667,7.127883333333333
"Erath County, TX",0.3776521212637278,1.0,0.023802067021609773,42.01315789473684,1.0,0.2652730869632881,1.0,1.0,1.0,51.059210526315795,4.0595,0.0,0.0,2.7617166666666666,1.2752166666666667,1.1946333333333334,3.4483833333333336,8.67995
"Essex County, NJ",0.27218388047758507,1.2660485170361788,0.03737833205991364,69.08552631578948,0.5044632649224027,0.32120489975368854,2.0,10.0,0.8,19.159539473684212,80.14501666666666,1.471952990668752,41498.29416226204,2.6906166666666667,2.2417333333333334,1.6043500000000002,3.5333666666666663,10.070083333333335
"Essex County, NY",0.9617070295076868,0.9737473327990889,0.015856457333611518,63.06578947368421,0.9989537521058337,0.3598937292455344,1.0,13.0,1.0,32.33451417004049,3.8238666666666665,0.0,0.0,1.4913833333333333,1.8198166666666669,0.6305,2.8828833333333335,6.824583333333333
"Evangeline Parish, LA",0.32086550889112186,1.0,0.17221370702868402,46.569078947368425,0.4999999999999997,0.18918256686165363,2.0,10.0,1.0,49.256578947368425,3.3570666666666664,0.0,0.0,3.79575,3.0767333333333333,1.24915,3.780116666666667,11.90175
FL,0.29944702797687994,1.0669402778067563,0.02672712276235459,54.05263157894737,0.5364622777720419,0.28829428433455656,6.0,99.0,0.7777777777777778,21.210919088766694,2020.957583333333,0.3293058589923966,6392.319313012953,2.3432608335597362,1.9490107457476726,1.354025701841568,2.895014389867423,8.541308241253693
"Faulkner County, AR",0.5040416549159963,0.22331362953388365,0.011479495506381693,87.11184210526316,1.0,0.2761313229028321,1.0,2.0,1.0,52.55592105263158,0.0,0.0,0.0,1.8784166666666666,1.6834833333333332,0.87505,3.0816666666666666,7.518599999999999
"Fayette County, IN",0.4161918214285714,0.9057408881431821,0.041632429471377706,24.019736842105264,1.0,0.33619389824958695,1.0,2.0,1.0,25.532894736842106,2.3608,0.0,0.0,3.0312333333333332,2.676633333333333,0.26975,2.6014833333333334,8.5791
"Fayette County, TX",0.16327307055346968,1.069500542831505,0.022197482662764056,48.06578947368421,0.2933231896032549,0.33143100371941203,2.0,13.0,0.8461538461538461,34.68959330143541,2.4781,0.0,0.0,1.4777333333333333,1.92375,1.2143833333333334,2.3248166666666665,6.940666666666666
"Fayette County, WV",0.038562220334912196,1.0,0.041632429471377706,24.019736842105264,0.12138418203599824,0.423074498474211,1.0,2.0,1.0,13.509868421052632,4.413283333333333,1.7069679792444776,15253.450756617332,3.154916666666667,2.2479999999999998,0.3872333333333333,2.9936833333333333,8.783833333333334
"Florence County, SC",0.043629189121922214,1.0,0.03325311747976373,30.072368421052634,0.08571672178840134,0.3887253157651715,1.0,3.0,1.0,30.072368421052634,0.0,0.0,0.0,2.9226833333333335,2.3969,1.15265,3.4064833333333335,9.8787
"Floyd County, IN",0.9068037426732563,1.0134726040063333,0.025606469002695417,39.05263157894737,1.0000000000000002,0.33031061617245766,1.0,5.0,1.0,36.631578947368425,0.0,0.0,0.0,1.2261666666666666,1.9129833333333333,0.6878833333333333,2.01635,5.843383333333333
"Forrest County, MS",0.7467087233377455,0.9874217549955948,0.012804313031758066,78.09868421052632,1.0,0.22729173389184773,1.0,6.0,1.0,61.05372807017543,0.0,0.0,0.0,3.446633333333333,2.4916666666666667,1.1764833333333333,3.6324666666666663,10.747250000000001
"Fort Bend County, TX",0.2345041405653464,1.0102158343716543,0.01795528276545834,58.567434210526315,0.38533402687300267,0.2970231828238459,4.0,40.0,0.825,44.60187400318979,0.0,0.0,0.0,1.23195,1.8768,1.57315,1.9435166666666666,6.625416666666666
"Fountain County, IN",0.6693400645750527,1.0,0.055353241077931534,18.065789473684212,0.9999999999999999,0.3107543511986423,1.0,5.0,1.0,11.427631578947368,0.0,0.0,0.0,2.1015833333333336,2.2756666666666665,0.3809,1.41275,6.1709
"Franklin County, AL",0.628053946947901,0.8701238858738072,0.03743251182989866,27.04605263157895,0.9999999999999999,0.3090053065568805,2.0,8.0,1.0,31.16200657894737,0.0,0.0,0.0,3.224216666666667,2.6453166666666665,1.2206,2.633566666666667,9.7237
"Franklin County, AR",0.5464866488581327,0.8115345948867961,0.01958510501224069,51.059210526315795,1.0,0.3058538269457747,1.0,4.0,1.0,67.57236842105264,0.0,0.0,0.0,2.9004166666666666,2.27975,0.4923666666666667,2.42635,8.098866666666668
"Franklin County, FL",0.0008109812703064642,1.0,0.3333333333333333,3.0,0.0008109812703064642,0.0,1.0,8.0,1.0,3.0,0.0,0.0,0.0,3.4844833333333334,1.9945166666666667,1.0135166666666666,3.350566666666667,9.8431
"Franklin County, IN",0.7848071134570885,1.0031251108195325,0.041632429471377706,24.019736842105264,1.0,0.381872216578495,1.0,7.0,1.0,11.599624060150376,0.0,0.0,0.0,1.3745666666666667,1.9706000000000001,0.15311666666666665,1.8881166666666667,5.3863666666666665
"Franklin County, MO",0.5252350393700786,0.9865468431096571,0.02778285505392067,35.99342105263158,0.9999999999999999,0.42403562766744346,1.0,4.0,1.0,50.319078947368425,0.0,0.0,0.0,1.638,1.68445,0.27205,1.7974166666666667,5.391916666666667
"Franklin County, MS",0.59193303562418,1.0,0.05565726839985353,17.967105263157897,1.0,0.36958484788510504,1.0,1.0,1.0,54.01973684210527,0.0,0.0,0.0,2.8041666666666667,2.8441500000000004,0.8185666666666668,1.9325,8.3994
"Franklin Parish, LA",0.24766508771351556,0.9999999093093082,0.1708274024599438,61.58552631578948,0.5,0.22077577017041097,2.0,9.0,1.0,87.1045321637427,0.0,0.0,0.0,3.7465499999999996,2.784266666666667,0.8304333333333332,3.1660500000000003,10.5273
"Fremont County, IA",0.1767556617024132,0.9992547753379194,0.01958510501224069,51.059210526315795,0.23446029146506409,0.255131256139875,1.0,10.0,0.9,27.718567251461987,0.0,0.0,0.0,0.7162166666666666,1.90215,0.21155000000000002,1.2881333333333334,4.118049999999999
"Fulton County, AR",0.4790757597035658,0.24154772702655675,0.011479495506381693,87.11184210526316,1.0,0.28439428829839336,1.0,2.0,1.0,81.09210526315789,0.0,0.0,0.0,3.09425,2.2997166666666664,0.2718833333333333,2.4144666666666668,8.080333333333334
"Fulton County, IN",0.790279035318141,1.008911432735885,0.06649168853893263,15.039473684210527,1.0,0.3150129100975065,1.0,4.0,1.0,13.534539473684212,0.0,0.0,0.0,2.264816666666667,2.23765,0.6339,1.9905333333333335,7.126916666666666
GA,0.29150061274541256,0.9772209355475843,0.01870661302661513,55.03947368421053,0.5251544398875762,0.3052395883334502,3.0,38.0,0.8157894736842105,32.78684210526316,1016.8713166666666,2.40125826665546,42031.414961736744,2.4383625701647,2.0784326500424655,1.2951938840885522,2.5247794545553743,8.3367666633967
"Gadsden County, FL",0.00953625344899281,0.9792244977191109,0.20840197693574958,7.490131578947369,0.01400089442163839,0.4714045207910317,2.0,14.0,0.9285714285714286,3.2327935222672064,0.0,0.0,0.0,3.5736666666666665,2.682,1.5010333333333332,3.7382166666666667,11.494916666666667
"Galveston County, TX",0.3227217163094011,1.0467229232594624,0.015238630229798702,85.09429824561404,0.5532229424510507,0.26430186843904946,8.0,220.0,0.8727272727272727,93.74131288165164,31.97628333333333,0.0,0.0,1.9665166666666665,2.0627166666666668,1.4025999999999998,2.8432166666666667,8.275066666666666
"Garland County, AR",0.3461555287397831,0.1,0.013867347869719914,72.11184210526316,1.0,0.28747978728803447,1.0,1.0,1.0,72.11184210526316,0.0,0.0,0.0,2.6373666666666664,2.7351166666666664,0.9368,3.3032333333333335,9.612516666666666
"Garrett County, MD",0.7556151115095999,1.083388105589675,0.16593886462882093,6.026315789473685,1.0,0.16176475448320315,1.0,8.0,1.0,6.026315789473685,0.0,0.0,0.0,1.5210666666666668,1.8008499999999998,0.1281,2.3356833333333333,5.785699999999999
"George County, MS",0.5316299518939746,1.002755009664647,0.02562805597706963,39.01973684210527,1.0,0.2982779164065576,1.0,6.0,1.0,26.53070175438597,0.0,0.0,0.0,3.1225166666666664,2.3462,0.71395,2.5865500000000003,8.769233333333334
"Georgetown County, SC",0.003399059192227247,1.0,0.036973972269520795,27.04605263157895,0.008159992611259914,0.31117204382157093,1.0,1.0,1.0,27.04605263157895,0.0,0.0,0.0,2.671116666666667,2.2912333333333335,1.1373333333333333,2.637966666666667,8.737683333333333
"Gibson County, IN",0.7676642646544121,1.2812764128929024,0.01447481192267403,69.08552631578948,1.0000000000000002,0.28006562913461097,1.0,18.0,1.0,17.184941520467834,0.0,0.0,0.0,1.09155,2.0071666666666665,0.3698666666666666,2.6407666666666665,6.10935
"Gibson County, TN",1.0,0.20000000000000004,0.06649168853893263,15.039473684210527,1.0000000000000002,0.4,1.0,6.0,1.0,10.039473684210527,4.949683333333334,0.0,0.0,2.9500499999999996,2.83155,0.74825,2.5471833333333334,9.077033333333334
"Glynn County, GA",0.2232244034718239,0.9643609090490047,0.01448170731707317,69.05263157894737,0.11027086383767816,0.22140638520105918,1.0,5.0,0.4,43.559210526315795,8.245666666666667,3.2879222756734174,46653.84174852785,2.3387499999999997,2.4799,1.27815,2.9828500000000004,9.079633333333334
"Goliad County, TX",0.21078273120665186,1.0998386654505903,0.025617262489882525,39.036184210526315,0.6428494051907385,0.29217262737915317,2.0,10.0,0.9,45.39766081871345,0.0,0.0,0.0,1.8606,2.3341499999999997,1.2716,2.319366666666667,7.785716666666666
"Gonzales County, TX",0.184616012337875,1.0808845653383332,0.019819951401901986,52.55592105263158,0.39527555599013336,0.2699383504966822,2.0,16.0,0.8125,42.28390688259109,2.0215,0.0,0.0,2.8070166666666663,3.0395333333333334,1.5633166666666665,3.2876999999999996,10.697566666666667
"Grant County, IN",0.9631241283353805,1.0689557966653407,0.06663743971942131,15.006578947368421,1.0000000000000002,0.3803614181167577,1.0,8.0,1.0,7.884868421052632,0.0,0.0,0.0,2.8729833333333334,2.3362,0.6632,2.99145,8.863816666666667
"Grant Parish, LA",0.27557079538637164,1.0,0.1759112841098001,28.542763157894736,0.5,0.26418724579979486,2.0,7.0,1.0,32.60526315789474,2.221366666666667,0.0,0.0,2.8375500000000002,1.9725333333333335,1.04165,2.7649666666666666,8.6167
"Grayson County, TX",0.015073850481871025,1.0,0.06663743971942131,15.006578947368421,0.027282919980184842,0.387314991271962,1.0,4.0,0.75,8.021929824561404,12.7402,0.0,0.0,2.1611833333333332,2.511766666666667,1.1605833333333333,2.7977833333333333,8.631300000000001
"Greenbrier County, WV",0.032116778375748736,0.7996003305188005,0.027757487216946677,36.026315789473685,0.06443264678159873,0.34353360281401535,1.0,6.0,0.8333333333333334,31.822368421052637,0.0,0.0,0.0,2.648616666666667,2.01945,0.3947,2.5037166666666666,7.566483333333333
"Greene County, AR",0.7075567300919509,0.2770684604572086,0.011479495506381693,87.11184210526316,1.0,0.3364374741755564,1.0,2.0,1.0,82.60526315789474,0.0,0.0,0.0,2.833816666666667,2.4814666666666665,0.3106,2.3202833333333333,7.946149999999999
"Greene County, IL",0.4626026781933795,0.5,0.029017597983115227,34.52960526315789,0.5000000000000001,0.3019837090222782,2.0,3.0,1.0,25.00657894736842,1.3211833333333334,0.0,0.0,1.8301,2.0009833333333336,0.09828333333333333,1.5735333333333335,5.5029
"Greene County, IN",0.8883188143451853,1.476434006103358,0.0092508064025318,108.09868421052632,1.0,0.21678721321368927,1.0,18.0,1.0,18.35635964912281,0.0,0.0,0.0,2.3382666666666667,2.1881666666666666,0.17295000000000002,2.4619666666666666,7.161366666666666
"Gregg County, TX",0.267883394238762,0.649652976939335,0.04960668011884439,43.54276315789474,0.491404319667769,0.30321158999806125,4.0,37.0,0.972972972972973,58.66337719298245,12.281933333333333,0.0,0.0,2.5892833333333334,2.554116666666667,1.4088166666666666,3.4115333333333333,9.963716666666667
"Grimes County, TX",0.35819777220432364,1.073167656705982,0.023327348098915776,45.64473684210527,0.7467006175278516,0.2843052305530788,5.0,35.0,0.8857142857142857,50.09040747028863,2.7613166666666666,0.0,0.0,2.9056333333333337,2.2116333333333333,1.3994166666666665,3.3657166666666662,9.882433333333333
"Grundy County, IL",0.6053513861077473,0.9720143809873302,0.010088941988583565,99.11842105263159,0.5971060278512292,0.25641791167054073,1.0,7.0,1.0,24.019736842105264,5.0531,0.0,0.0,0.9485,1.7287166666666665,0.8163,1.5335333333333334,5.027066666666667
"Guadalupe County, TX",0.06475516745166239,0.9968260550371991,0.023783445470192455,42.04605263157895,0.10258091964598563,0.2823960914084333,1.0,3.0,0.6666666666666666,21.04276315789474,0.0,0.0,0.0,1.50105,2.153233333333333,1.4313166666666666,2.40325,7.488866666666667
"Gulf County, FL",0.056879747748372754,0.9639129382728955,0.19444444444444442,10.5,0.09500896634019533,0.358785545824863,2.0,10.0,0.6,6.514254385964914,0.0,0.0,0.0,2.795783333333333,2.1178166666666667,0.9145666666666666,2.9890166666666667,8.8172
"Hall County, NE",0.7234967831494371,0.9991520146759889,0.06663743971942131,15.006578947368421,0.7103495857351853,0.425496508751071,1.0,1.0,0.0,0.0,6.05805,0.6327668694271809,2073.728344929474,2.100233333333333,2.4841166666666665,1.3484333333333334,2.704833333333333,8.63765
"Hampden County, MA",0.6618889754912242,0.9998878056948606,0.010430354192398026,99.15131578947368,0.979397889808143,0.2051136223277756,2.0,54.0,0.9629629629629629,41.5171052631579,46.61878333333333,0.0,0.0,2.505533333333333,2.4693666666666667,1.3741666666666665,3.1893333333333334,9.538383333333334
"Hancock County, IL",0.5774789439530458,0.6665131816223936,0.04347189272996815,28.032894736842106,0.6666666666666666,0.33233811553037407,3.0,17.0,1.0,27.912925696594428,1.8363666666666665,0.0,0.0,1.2829666666666666,1.87435,0.18045,1.4401333333333335,4.7778833333333335
"Hancock County, MS",0.7185589390025722,1.0000164131046294,0.006530331672108609,153.13157894736844,0.980776738622456,0.22488960901129854,1.0,79.0,0.9746835443037974,62.29553998632946,0.0,0.0,0.0,2.63605,2.3478499999999998,0.6784666666666667,2.2649,7.92725
"Hardeman County, TN",1.0,0.25,0.08301474604041506,12.046052631578949,1.0,0.4330127018922193,1.0,2.0,1.0,9.036184210526317,0.0,0.0,0.0,3.8571000000000004,2.1842333333333332,0.9848166666666667,3.021216666666667,10.047366666666667
"Hardin County, TX",0.31750076515746534,1.0150972677023515,0.015062381868387195,95.12719298245615,0.5868516659810618,0.25410788748755264,3.0,54.0,0.8703703703703703,62.837625979843224,0.0,0.0,0.0,1.7144166666666667,2.2396666666666665,0.7213333333333334,2.2066833333333333,6.882116666666666
"Harris County, TX",0.2686895381330889,0.8250885047239759,0.02529364694057083,72.08442982456141,0.5757567614282599,0.269659237926159,6.0,352.0,0.7897727272727273,74.27610125858124,444.4028833333333,0.0,0.0,2.7912166666666667,2.1827,1.6209,2.8074,9.402216666666666
"Harrison County, IA",0.4771253421769457,0.99851679737554,0.02081906588138611,48.03289473684211,0.9480462245279736,0.3086310605438233,1.0,7.0,0.7142857142857143,30.05263157894737,0.0,0.0,0.0,0.72005,1.7630333333333332,0.16845,1.6938833333333332,4.345433333333333
"Harrison County, IN",0.9155305556644111,1.0985243976604981,0.008760301999884732,114.15131578947368,1.0,0.3008606795494617,1.0,4.0,1.0,16.51151315789474,0.0,0.0,0.0,1.47265,1.7925166666666668,0.18371666666666667,1.8255833333333333,5.274466666666666
"Harrison County, MS",0.7441551687356063,0.9986469089294029,0.006282030087617787,159.1842105263158,0.9889530313114814,0.26318866743571356,1.0,54.0,0.9814814814814815,65.33118172790465,0.0,0.0,0.0,3.0272,2.4778166666666666,1.2370333333333334,3.1368666666666667,9.878916666666667
"Harrison County, TX",0.6507951610678612,0.9916613363883693,0.022186542110640785,45.07236842105263,1.0000000000000002,0.27555754614592814,1.0,9.0,1.0,51.07017543859649,0.0,0.0,0.0,2.6993500000000004,2.4394,1.31615,2.9895,9.444416666666667
"Hawaii County, HI",0.25812788668597014,0.48052544009804726,0.06695078008390651,26.98026315789474,0.4062500072774982,0.3061729268368007,2.0,13.0,0.6153846153846154,15.618421052631579,19.409916666666664,0.0,0.0,1.9056,2.1028,1.4931,2.595266666666667,8.096783333333333
"Hays County, TX",0.3458649362030423,1.0333277553561269,0.014837023500412126,75.0888157894737,0.7028194798223761,0.2833355367469459,2.0,42.0,0.8809523809523809,50.63815789473684,19.58105,0.0,0.0,2.0476666666666667,1.3985333333333332,1.42615,3.0152666666666668,7.887599999999999
"Hempstead County, AR",0.5850568924679806,0.13510166863023365,0.011888002502737367,84.11842105263159,0.9999999999999998,0.2306099993663947,1.0,5.0,1.0,70.87500000000001,2.1854,0.0,0.0,3.1701166666666665,3.1635500000000003,1.43945,2.9353833333333337,10.708483333333334
"Henderson County, IL",0.4231532323446713,1.0252100594108935,0.037018996590355575,27.013157894736842,1.000002206423212,0.31612066942065153,1.0,15.0,1.0,32.64473684210527,0.6916166666666667,0.0,0.0,1.35735,1.928683333333333,0.15708333333333332,1.1441666666666668,4.5873
"Hendricks County, IN",0.9167213740138701,1.2549386198567538,0.025606469002695417,39.05263157894737,1.0000000000000002,0.2971560371602477,1.0,6.0,1.0,7.007675438596491,0.0,0.0,0.0,0.5156999999999999,1.6723166666666665,0.8098333333333333,1.5682,4.56605
"Henry County, IN",0.5729553944309274,1.0,0.01074129036817186,93.09868421052632,1.0,0.2933717989148024,1.0,3.0,1.0,18.010964912280702,0.0,0.0,0.0,2.282766666666667,2.0173833333333335,0.31706666666666666,2.3545333333333334,6.97175
"Hidalgo County, TX",0.25974835234742116,0.9611361529655026,0.02941488674880029,48.63815789473684,0.4935154198701251,0.3515096330907568,5.0,91.0,0.9230769230769231,63.450736215538846,82.59078333333333,1.6525387134754073,12988.659581299384,4.0624666666666664,2.546883333333333,1.6621166666666667,3.1385166666666664,11.409983333333335
"Hill County, TX",0.3602534701214666,1.1031314271056634,0.013314646110721794,75.10526315789474,1.0077445146419204,0.2708580980609516,1.0,4.0,1.0,62.32565789473684,3.540466666666666,0.0,0.0,2.8892166666666665,2.7334833333333335,1.2598666666666667,3.01135,9.8939
"Hinds County, MS",0.8905222654623033,2.3120765374126777,0.041689522764673616,23.986842105263158,1.0,0.13041379034160888,1.0,4.0,0.75,24.019736842105264,24.015766666666664,2.1364170055377083,47921.354230004246,3.3076000000000003,2.2280166666666665,1.2958166666666666,3.254683333333334,10.086133333333333
"Holmes County, MS",0.5194670826996254,1.0006492762163082,0.041689522764673616,23.986842105263158,1.0000000000000002,0.3268559876770349,1.0,1.0,1.0,96.0921052631579,0.0,0.0,0.0,4.1734,2.6239166666666667,1.0079333333333333,3.582466666666667,11.387716666666668
"Holt County, MO",0.06891641606358014,0.982871919276921,0.036973972269520795,27.04605263157895,0.20850320138907727,0.32102463340423565,1.0,4.0,0.25,3.0,0.45466666666666666,6.928152492668621,55309.64076246334,1.3997166666666667,1.9226833333333335,0.05575,2.0230833333333336,5.4012166666666666
"Horry County, SC",0.09178216472644857,1.0,0.03325311747976373,30.072368421052634,0.17361236605649777,0.43861724676910313,1.0,3.0,1.0,30.072368421052634,31.060733333333328,0.0,0.0,2.4763333333333333,2.1788833333333333,1.1003666666666667,2.742766666666667,8.49835
"Hot Spring County, AR",0.40548617057994946,0.12499999999999999,0.012809708410584862,78.06578947368422,1.0,0.31426968052735443,1.0,1.0,1.0,78.06578947368422,0.0,0.0,0.0,2.560216666666667,2.3249833333333334,0.7226,2.8602833333333333,8.4681
"Houston County, TX",0.4846370865213372,0.979173914964229,0.03433394359432666,46.58552631578948,0.8736706794422725,0.3476034255991636,2.0,37.0,1.0,70.40398293029871,2.2933166666666667,0.0,0.0,3.2246833333333336,2.466083333333333,1.2848833333333334,3.545666666666667,10.521316666666666
"Howard County, AR",0.5901090353313778,0.31423852689814685,0.011479495506381693,87.11184210526316,1.0,0.2878609094521665,1.0,5.0,1.0,67.27631578947368,0.0,0.0,0.0,3.083083333333333,3.1143,1.3272166666666667,2.7197,10.2443
"Howell County, MO",0.16647953234675827,0.9519299347591585,0.019437341398818017,52.52302631578948,0.3995204656164433,0.25554135467287764,2.0,32.0,0.75,31.151041666666668,4.0114833333333335,3.14645485739162,35899.805021133936,3.0077,2.6674166666666665,0.3703,2.6725833333333333,8.718033333333333
"Hudson County, NJ",0.6620985010815781,1.0001895817957063,0.03325311747976373,30.072368421052634,1.0,0.3340839068767623,1.0,21.0,1.0,11.585526315789474,66.63516666666666,0.0,0.0,2.5041333333333333,1.4326999999999999,1.6285833333333333,3.213366666666667,8.778783333333333
"Huntington County, IN",0.43268457861711224,1.4846641467304436,0.01665570896340127,60.03947368421053,1.0000000000000002,0.22349133976251995,1.0,5.0,1.0,44.42763157894737,0.0,0.0,0.0,1.4818333333333333,1.6101999999999999,0.2511333333333333,1.9985333333333333,5.3417
"Hyde County, NC",0.08145588816319457,1.0,0.04755944931163955,21.026315789473685,0.17222660068480988,0.37837148524533465,2.0,2.0,1.0,21.026315789473685,0.0,0.0,0.0,3.6084333333333336,1.9346666666666668,1.1864999999999999,2.595466666666667,9.32505
IA,0.27439703797495557,0.9966098765596119,0.028279538640880744,39.05263157894737,0.48635200023026137,0.305468843386215,2.0,20.0,0.65,24.85406698564594,311.2053,0.26859931910041623,3855.7058078529767,1.1407279398837282,1.8456798803841272,0.7658493126423176,2.3695037437383264,6.121760954687825
IL,0.5485399445944379,0.6112422731914987,0.016503557441056266,79.09649122807018,0.5997029590938857,0.2866023912514275,3.0,113.0,1.0,34.842105263157904,1279.3514166666666,2.206419505044956,29941.446117555348,1.9038985502719734,1.7659753282170574,1.2344005784724326,2.6924011794396954,7.596679109383994
IN,0.7517011209312081,0.9667775631482745,0.0070842654735272185,141.1578947368421,1.0000000000000004,0.1617506952776623,1.0,275.0,1.0,41.876536688436424,661.13515,0.1607321374401961,2692.432885442932,1.9608333796481972,2.0239348389185117,0.8796675685747363,2.4163981168525255,7.280832782838172
"Iberia Parish, LA",0.4088040798308725,0.8831537004161786,0.11561438122064142,101.1359649122807,0.6666666666666666,0.2412607260830068,3.0,17.0,1.0,90.6373839009288,7.239016666666668,0.0,0.0,3.248616666666667,2.750083333333333,1.2951166666666667,3.3720166666666667,10.665833333333333
"Iberville Parish, LA",0.23053392932027056,1.0009975411227576,0.13559706314609857,35.29440789473684,0.5825015010629633,0.2825318427961079,4.0,40.0,1.0,53.84375,3.263983333333333,0.0,0.0,2.882683333333333,2.2715333333333336,1.1178166666666667,3.5490333333333335,9.821083333333332
"Independence County, AR",0.5593995012372178,0.5070208686514133,0.011479495506381693,87.11184210526316,1.3062960647706556,0.27888195353382983,1.0,5.0,1.0,66.0657894736842,0.0,0.0,0.0,2.6616,2.54865,0.8623500000000001,2.9255666666666666,8.998183333333333
"Iroquois County, IL",0.5840666524579854,0.9958561448243044,0.023802067021609773,42.01315789473684,0.95265357759037,0.3827649693645833,1.0,5.0,1.0,43.828947368421055,0.0,0.0,0.0,1.9413833333333332,2.1939333333333333,0.7579166666666667,1.68115,6.5744
"Izard County, AR",0.515594309032426,0.3874183562866574,0.011479495506381693,87.11184210526316,0.9999999999999998,0.2715129041320037,1.0,7.0,1.0,68.63909774436091,0.0,0.0,0.0,3.1190666666666664,1.9263166666666667,0.30633333333333335,2.6500333333333335,8.001733333333332
"Jackson County, AR",0.547984633670794,0.642998945776088,0.011479495506381693,87.11184210526316,1.0,0.2785520988963415,1.0,6.0,1.0,59.567982456140356,0.0,0.0,0.0,3.51065,2.153983333333333,0.7208666666666667,2.8461,9.231616666666666
"Jackson County, FL",0.04157518580675572,0.9414990173171778,0.060222296403843315,19.513157894736842,0.0674906709254481,0.33841762783087886,2.0,53.0,0.7358490566037735,7.0755735492577605,4.84575,4.66268439324165,66724.12625137671,3.394683333333333,2.3999,1.1835166666666666,3.450816666666667,10.428916666666668
"Jackson County, IN",0.7491555662524646,1.0061126332833674,0.012331656660717182,81.0921052631579,0.9999999999999998,0.30050935413165275,1.0,10.0,1.0,18.924342105263158,4.38155,0.0,0.0,2.0005,2.201983333333333,0.8696,2.4446166666666667,7.516683333333333
"Jackson County, MS",0.3650794325849886,1.004636714388338,0.08569823917951405,94.62828947368422,0.4873747548346395,0.16427609142685157,2.0,61.0,1.0,48.44704486626402,0.0,0.0,0.0,2.64305,2.5218666666666665,1.1042166666666666,2.0086333333333335,8.277783333333334
"Jackson County, TX",0.27544023938394835,1.1281202578932286,0.0238965055566681,42.0625,0.5632917305321445,0.2866316037451619,2.0,5.0,0.8,36.79934210526316,0.0,0.0,0.0,2.172266666666667,2.3912333333333335,1.3860000000000001,2.8632666666666666,8.812766666666667
"Jasper County, IL",0.4516369129133221,1.0,0.02019496148504178,49.5625,1.0,0.34080720250413954,2.0,8.0,1.0,21.76644736842105,0.9573666666666666,0.0,0.0,1.2304333333333333,1.9161333333333335,0.17734999999999998,1.4115333333333335,4.735433333333334
"Jasper County, IN",0.7331034449295702,1.0239426098909536,0.01958510501224069,51.059210526315795,0.9999999999999999,0.2488802871061908,1.0,7.0,1.0,30.453007518796994,0.0,0.0,0.0,1.3606999999999998,2.042666666666667,0.5732833333333333,1.7145333333333335,5.69115
"Jasper County, MO",0.6855063405339773,6.2760461153641165,0.006530331672108609,153.13157894736844,0.93006007283304,0.28657649210534186,1.0,21.0,0.9047619047619048,71.5654239766082,11.865916666666667,0.059999055606970136,797.1050192515884,2.6626166666666666,2.3266666666666667,0.9729333333333333,2.7185666666666664,8.680783333333332
"Jasper County, MS",0.6161308842624608,1.0,0.027732165663200147,36.05921052631579,0.9999999999999999,0.27406409919569347,1.0,3.0,1.0,43.043859649122815,0.0,0.0,0.0,2.7931500000000002,2.76585,0.98475,2.2447833333333334,8.788549999999999
"Jasper County, TX",0.40368905159557517,1.0106395793176155,0.015922200125220578,67.28947368421053,0.7224564862104186,0.29853095600364093,5.0,53.0,0.9433962264150944,70.4282894736842,3.5135333333333336,0.0,0.0,3.1307666666666667,2.6229833333333334,1.0671,3.1271,9.94795
"Jay County, IN",0.8804090620886231,1.0691488026131344,0.04748516088722274,21.05921052631579,1.0,0.30419085721404293,1.0,6.0,1.0,48.08223684210527,0.0,0.0,0.0,2.492183333333333,2.479983333333333,0.32148333333333334,2.2896666666666667,7.583333333333333
"Jefferson County, AL",0.5746966245769165,1.0931404737564172,0.007398934078954223,135.15460526315792,0.8438829812497435,0.2017765154110862,2.0,116.0,0.9913793103448276,43.18344001896635,66.09356666666666,0.7028114247498014,17951.292754937527,2.3081,2.206433333333333,1.3279333333333334,2.750166666666667,8.592633333333334
"Jefferson County, AR",0.38211623147489776,0.19482422714597813,0.007738913497276105,129.21710526315792,0.8389794318342039,0.19586483703913576,1.0,7.0,1.0,74.64943609022556,0.0,0.0,0.0,3.2840333333333334,2.5535166666666664,1.1264666666666667,3.612133333333333,10.57615
"Jefferson County, NE",0.4076343490309306,0.9942520222458695,0.06663743971942131,15.006578947368421,0.5382686560872241,0.42673701384190504,1.0,1.0,0.0,0.0,0.7340333333333333,6.016983788202171,49131.28377457881,1.4172666666666667,2.2251166666666666,0.44481666666666664,1.6121999999999999,5.6994
"Jefferson County, TX",0.23268969926805153,1.0187112998138879,0.0384987214864238,53.31250000000001,0.416835008664643,0.3140081937525656,4.0,117.0,0.9743589743589743,72.54813019390582,25.3016,0.0,0.0,2.996166666666667,2.4176166666666665,1.5173500000000002,3.4151666666666665,10.346300000000001
"Jefferson Davis Parish, LA",0.4769660962500484,1.004134526012984,0.03802880064883729,48.05482456140351,0.6666666666666666,0.207651410508821,3.0,14.0,1.0,47.41024436090227,3.159333333333333,0.0,0.0,2.9296333333333333,2.8137166666666666,0.7883166666666667,2.6809,9.212583333333333
"Jefferson Parish, LA",0.4752721439336975,0.9265650228524687,0.01962623192263156,96.71710526315789,0.6441275811682388,0.28427382584878347,5.0,133.0,1.0,45.442932615629985,43.452083333333334,0.0,0.0,2.3644166666666666,2.1796166666666665,1.4584666666666666,2.5126833333333334,8.5152
"Jennings County, IN",0.6660982087777554,1.1285422336572581,0.01513040015926737,66.09210526315789,1.0,0.32581071176336146,1.0,13.0,1.0,27.972165991902834,0.0,0.0,0.0,2.3074833333333333,2.2414833333333335,0.287,2.2217333333333333,7.057683333333333
"Jersey County, IL",0.5661659757531963,0.9944367234081812,0.03663101325960971,30.006578947368425,1.0,0.37567381207806383,2.0,19.0,1.0,32.07548476454294,2.22385,0.0,0.0,1.02355,1.5496666666666667,0.2703833333333333,1.8060333333333334,4.64965
"Jim Hogg County, TX",0.6277194987534143,1.0,0.04748516088722274,21.05921052631579,1.0,0.2949115357054534,1.0,1.0,1.0,33.098684210526315,0.0,0.0,0.0,3.6157166666666662,3.0126500000000003,1.6304999999999998,2.38855,10.6474
"Jim Wells County, TX",0.3276836383746156,0.9857160578710177,0.01744393586354123,62.05701754385965,0.7001417292182938,0.272771769660749,3.0,16.0,0.9375,51.065789473684205,0.0,0.0,0.0,3.191983333333333,2.8624833333333335,1.5832833333333334,2.8811166666666668,10.51885
"Johnson County, AR",0.5575871794871795,0.4,0.036973972269520795,27.04605263157895,1.0,0.37267799624996495,1.0,1.0,1.0,30.039473684210527,0.0,0.0,0.0,3.0780333333333334,2.5673333333333335,1.1170833333333332,2.9267833333333333,9.68925
"Johnson County, IN",0.9099510923813641,1.1635845564333398,0.011094080724034741,90.13815789473685,1.0,0.25371891086075254,1.0,4.0,1.0,12.769736842105264,0.0,0.0,0.0,0.9182,1.7948166666666667,0.6329166666666667,1.8423833333333333,5.188316666666666
"Jones County, MS",0.8046969741119978,1.014670219331987,0.03027285401314479,33.03289473684211,1.0000000000000002,0.2588100003028473,1.0,3.0,1.0,32.002192982456144,0.0,0.0,0.0,2.9651666666666667,2.825816666666667,1.18225,2.9936666666666665,9.9669
KY,0.06142662334012345,0.9754300386923754,0.2500914745700695,4.496710526315789,0.05987935731502943,0.5,2.0,4.0,0.75,3.0,441.4363333333333,1.4543433594425472,24305.14706159967,2.313283863802954,2.1026294137932044,0.7073915761924631,2.684238747358668,7.80754548230673
"Kane County, IL",0.6598591636026778,0.988953829084614,0.037018996590355575,27.013157894736842,1.0,0.3273800922947488,1.0,12.0,1.0,22.761513157894736,52.182766666666666,0.0,0.0,1.8129666666666668,1.8783166666666666,1.4660666666666666,2.2007,7.358033333333334
"Karnes County, TX",0.09975058188939231,1.1049284468378489,0.03267946890577456,33.049342105263165,0.5483252872330523,0.2760259641662307,2.0,9.0,0.6666666666666666,45.06688596491228,1.5081166666666665,0.0,0.0,2.7213,2.12935,1.56945,3.5726999999999998,9.992783333333334
"Kauai County, HI",0.1334845726062875,0.8665646526151292,0.01958510501224069,51.059210526315795,0.2283681778552746,0.2200221207856209,1.0,3.0,0.3333333333333333,0.0,7.024816666666667,0.0,0.0,1.0797333333333332,1.6642833333333333,1.532,2.4366166666666667,6.712633333333334
"Kendall County, IL",0.7244195433333334,1.0,0.03027285401314479,33.03289473684211,1.0,0.43214696420369403,1.0,1.0,1.0,42.01315789473684,0.0,0.0,0.0,0.7312833333333333,1.7880833333333335,1.2292333333333334,1.1449,4.893466666666667
"Kenedy County, TX",0.3709763707248801,0.7000305884641158,0.013314646110721794,75.10526315789474,0.9999999999999999,0.3055576169639466,1.0,1.0,1.0,93.16447368421053,0.0,0.0,0.0,2.6717333333333335,2.5006666666666666,1.6418833333333334,1.8248333333333333,8.639116666666666
"Kingfisher County, OK",0.5898599870129869,0.8125824378787879,0.037018996590355575,27.013157894736842,1.0,0.3407320994256467,1.0,3.0,1.0,21.00438596491228,0.0,0.0,0.0,1.3992166666666668,2.50095,1.1720833333333334,1.7104833333333334,6.782733333333333
"Kleberg County, TX",0.3208787995175578,0.9005110787017616,0.01693619372938801,70.58223684210527,0.5696326337790906,0.25055561927681896,2.0,14.0,0.7142857142857143,91.61842105263158,0.0,0.0,0.0,3.7529000000000003,2.4454333333333333,1.5635166666666667,3.7655666666666665,11.527416666666667
"Knox County, IN",0.8312988032464265,1.1028958610419741,0.011094080724034741,90.13815789473685,0.9999999999999998,0.23827440494246668,1.0,22.0,1.0,17.463217703349283,0.0,0.0,0.0,1.9906833333333334,2.2451833333333333,0.4096,3.0004666666666666,7.645933333333333
"Kosciusko County, IN",0.9315092592813907,1.0198049297473009,0.041632429471377706,24.019736842105264,1.0,0.35554832448483403,1.0,8.0,1.0,12.379111842105264,7.860616666666667,0.0,0.0,1.6706166666666666,2.0212333333333334,0.8630166666666667,2.6354,7.190283333333333
LA,0.6144517613156604,1.27225290377783,0.014613748173878496,83.23026315789475,0.8070645311821271,0.242727993142395,7.0,824.0,0.8871359223300971,67.7903874269006,460.7572833333333,1.0022752827394061,13571.344271742082,2.6086449025334097,2.2968878943831106,1.1668319628796293,2.9472400908545597,9.019606043224021
"Lackawanna County, PA",0.25,0.5,0.055353241077931534,18.065789473684212,1.0,0.43641731632911124,1.0,2.0,1.0,13.559210526315791,21.3008,6.390996269310699,81962.48028243071,1.6910333333333334,2.1157833333333333,0.9363333333333334,2.7051833333333337,7.448316666666667
"Lafayette County, AR",0.5646222569019526,0.1468359498758894,0.010737496467928794,93.13157894736842,1.0,0.23161888758013632,1.0,6.0,1.0,68.07127192982456,0.0,0.0,0.0,3.32445,2.6713,0.95215,2.5857666666666668,9.533683333333334
"Lafayette Parish, LA",0.3009247394736842,1.0,0.05549977318131014,24.019736842105264,0.5,0.29620778548648047,2.0,3.0,1.0,18.010964912280702,23.426433333333335,0.0,0.0,2.0050833333333333,1.98785,1.2241333333333333,3.1781,8.395166666666666
"Lafourche Parish, LA",0.4532818087172369,0.8028685952301199,0.02504893894541026,70.875,0.714967110233262,0.3186831283225189,5.0,36.0,1.0,62.40606725146199,9.729416666666667,0.0,0.0,2.5557166666666666,2.3297833333333333,1.08725,3.0752166666666665,9.047966666666667
"Lake County, CA",0.2864637585734429,1.0334310658207173,0.030929476782249166,34.05263157894737,0.32313592767157395,0.35291866821956425,3.0,10.0,0.9,18.705409356725152,0.0,0.0,0.0,3.2097166666666666,2.69295,1.2612666666666665,3.1101166666666664,10.274083333333333
"Lake County, IL",0.5401293614988869,0.9975731103628458,0.03750777387959618,26.996710526315788,1.0,0.34667433943526393,2.0,13.0,1.0,23.318825910931174,70.32831666666667,0.0,0.0,1.2770166666666667,1.7366,1.3919,2.60925,7.014749999999999
"Lake County, IN",0.8101885679046157,1.000217277709847,0.01752969669011648,57.04605263157895,1.0,0.3130741644114184,1.0,7.0,1.0,15.87593984962406,0.0,0.0,0.0,2.4858333333333333,2.423083333333333,1.3849166666666666,2.530116666666667,8.823966666666665
"Lamar County, MS",0.5989074160404902,1.1125242794324377,0.016637478108581436,60.10526315789474,0.9999999999999997,0.30456369951273554,1.0,5.0,1.0,55.848684210526315,0.0,0.0,0.0,2.1207666666666665,2.3077166666666664,0.9099833333333334,2.3134333333333332,7.651883333333333
"Lamar County, TX",0.6391805024204348,1.0,0.03332602499451875,30.00657894736842,1.0000000000000002,0.2702717916680482,1.0,2.0,1.0,67.57236842105263,4.970866666666667,0.0,0.0,2.7504000000000004,2.9450833333333333,1.07155,2.8561833333333335,9.623216666666666
"Larimer County, CO",0.6330598579666725,1.0075051042889385,0.010088941988583565,99.11842105263159,1.0000000000000002,0.2692234623541301,1.0,52.0,1.0,24.08426113360324,0.0,0.0,0.0,1.18885,0.8716499999999999,0.9303333333333333,2.2599666666666667,5.250816666666666
"Lauderdale County, MS",0.6691737972814074,1.0056816370041026,0.00876282716476421,114.11842105263159,0.9999999999999997,0.29699191956391846,1.0,6.0,1.0,62.561403508771924,0.0,0.0,0.0,3.1717166666666667,2.6771,1.1182166666666666,3.609583333333333,10.576616666666668
"Lauderdale County, TN",0.9994453379726851,0.4918313674946029,0.04767570351286235,46.55263157894737,0.9636844926485076,0.3443669238192636,2.0,3.0,1.0,33.04385964912281,0.0,0.0,0.0,3.773483333333333,2.6967166666666667,1.0579333333333334,3.3739166666666667,10.902066666666668
"Lavaca County, TX",0.285897825150846,1.0477575386795712,0.021141966162554843,48.049342105263165,0.661444106015281,0.29550169595563747,2.0,18.0,0.6666666666666666,34.28563596491229,0.0,0.0,0.0,1.6496166666666667,2.630383333333333,1.17315,2.8097666666666665,8.262916666666667
"Lawrence County, AL",0.5979490910119596,1.0,0.0405303413966414,28.54276315789474,1.0,0.4359951406260092,2.0,2.0,1.0,30.039473684210527,0.0,0.0,0.0,2.7270333333333334,2.0661833333333335,0.7200333333333333,1.73355,7.246783333333333
"Lawrence County, AR",0.7137449516013816,0.3598377350361478,0.011479495506381693,87.11184210526316,1.0000000000000002,0.2817699107082248,1.0,4.0,1.0,64.58717105263159,1.6809333333333332,0.0,0.0,3.1415666666666664,2.3390333333333335,0.19553333333333334,2.6633166666666668,8.339433333333334
"Lawrence County, IL",0.6019362746092329,0.9756775272862743,0.021095516402883836,58.559210526315795,0.8913647013701511,0.2999672450402554,2.0,7.0,1.0,28.737781954887218,1.6246333333333334,0.0,0.0,2.5787166666666668,1.9322,0.89755,2.9943333333333335,8.40285
"Lawrence County, IN",0.7750967397987061,1.0043252962506257,0.0092508064025318,108.09868421052632,1.0,0.23290555641185529,1.0,17.0,1.0,22.78715170278638,0.0,0.0,0.0,1.9048666666666667,2.20165,0.24166666666666667,2.2642166666666665,6.612416666666667
"Leake County, MS",0.5494271923939914,1.0231009661991786,0.025606469002695417,39.05263157894737,0.9999999999999998,0.2763733024506098,1.0,2.0,1.0,39.036184210526315,0.0,0.0,0.0,3.6478,3.0549,1.3780166666666667,3.44415,11.524866666666668
"Lee County, AR",0.5296603957385895,0.30993194382409484,0.012331656660717182,81.0921052631579,1.0,0.2981540299272625,1.0,2.0,1.0,79.57894736842107,0.0,0.0,0.0,4.000816666666666,2.487083333333333,1.1306833333333333,3.2997833333333335,10.918366666666666
"Lee County, FL",0.13603238972334886,0.9604984819842706,0.05328174732503584,26.004385964912284,0.2561984355319921,0.3566795966051834,3.0,53.0,0.7358490566037735,5.52770083102493,69.714,0.657684967866567,10566.574578709875,2.19495,2.0552166666666665,1.33355,2.793533333333333,8.37725
"Lee County, TX",0.10589054315102393,0.9985384878679762,0.0217559862602912,48.043859649122815,0.4247257225895944,0.3069265692455774,3.0,8.0,0.625,50.44736842105264,0.0,0.0,0.0,2.1271999999999998,2.2590166666666667,1.3385833333333332,2.81545,8.540266666666666
"Leon County, FL",0.21617683869402135,0.5321445300512025,0.11074721009218824,12.013157894736842,0.17639252732890415,0.4714045207910317,2.0,3.0,0.6666666666666666,4.5131578947368425,28.502866666666666,0.43855237952673765,8398.5178099045,2.3112666666666666,1.12825,1.1778666666666668,3.3547,7.972083333333333
"Leon County, TX",0.8566484072586844,1.0661775224368697,0.02517901660162447,42.05701754385965,0.7543760067114095,0.2717108716175421,3.0,24.0,0.875,50.916666666666664,0.0,0.0,0.0,2.3602333333333334,2.6521666666666666,1.1969333333333332,2.0241000000000002,8.233433333333332
"Lewis County, TN",1.0,0.25,0.08301474604041506,12.046052631578949,1.0,0.4330127018922193,1.0,2.0,1.0,9.036184210526317,0.0,0.0,0.0,3.0688,2.2620999999999998,0.4279,2.3244000000000002,8.0832
"Lexington County, SC",0.4640477180331826,0.8381347649621147,0.014995893598821974,73.57565789473685,0.617936231118344,0.2743176037088145,2.0,18.0,0.6666666666666666,45.64473684210527,27.963516666666667,0.0,0.0,1.672,1.9897333333333334,1.1112833333333334,2.4254666666666664,7.1985
"Liberty County, FL",0.07563171448551055,0.7574342698776799,0.09757660343587204,10.467105263157896,0.053702807619237354,0.463636362128017,2.0,5.0,0.2,3.0,0.0,0.0,0.0,3.3982499999999995,1.9510666666666667,1.1065500000000001,3.1976833333333334,9.653516666666667
"Liberty County, TX",0.28790050789755955,0.9927619306542019,0.024215896295173817,61.569078947368425,0.43695505573900906,0.28167791931952074,4.0,63.0,0.9523809523809523,73.89638157894738,8.196416666666668,0.0,0.0,3.3992,2.40315,1.3359833333333333,3.7268166666666667,10.865133333333333
"Lincoln County, AR",0.6255531795688544,0.2662188989024902,0.011479495506381693,87.11184210526316,1.0,0.30559283723040903,1.0,4.0,1.0,63.057565789473685,0.0,0.0,0.0,3.1339333333333332,1.7398833333333332,1.0363,3.4821333333333335,9.392233333333333
"Lincoln County, MS",0.6019443740601504,1.0,0.05565726839985353,17.967105263157897,1.0,0.3186689467642167,1.0,1.0,1.0,27.013157894736842,0.0,0.0,0.0,2.9064666666666668,2.3228500000000003,0.8884666666666666,2.726233333333333,8.844033333333334
"Linn County, IA",0.04780163288216515,0.9919647413804591,0.041632429471377706,24.019736842105264,0.11892932758403425,0.32375903538989975,1.0,43.0,0.7441860465116279,10.035361842105264,0.0,0.0,0.0,0.6498333333333334,1.723766666666667,0.7777,2.372,5.5233
"Little River County, AR",0.41244047516758187,0.2022128981646501,0.011888002502737367,84.11842105263159,1.0,0.22871506231047029,1.0,2.0,1.0,51.07565789473684,0.0,0.0,0.0,2.4460166666666665,2.4783,0.6810999999999999,2.2047333333333334,7.81015
"Livingston County, IL",0.5064769333333333,0.9795363398770742,0.03027285401314479,33.03289473684211,1.0,0.39307101846344455,1.0,1.0,1.0,33.03289473684211,3.710266666666667,0.0,0.0,1.58045,2.0478,0.58165,2.5248666666666666,6.734750000000001
"Livingston Parish, LA",0.39837932016524097,0.9825661292689251,0.027922485251863815,60.065789473684205,0.6058461411141972,0.31383181593331144,5.0,28.0,0.9642857142857143,41.04215399610137,0.0,0.0,0.0,1.7695999999999998,2.2944666666666667,0.6629,2.4712166666666664,7.198166666666666
"Logan County, AR",0.46653178981560184,0.3659859396934676,0.011479495506381693,87.11184210526316,1.0,0.291874575817554,1.0,4.0,1.0,58.600328947368425,0.0,0.0,0.0,2.714066666666666,2.630133333333333,0.7040833333333333,2.4244,8.472666666666667
"Lonoke County, AR",0.4827888325741279,0.060421395043010646,0.008998875140607425,111.125,0.53652109893435,0.21794494717703367,1.0,3.0,1.0,85.08333333333333,7.115066666666667,0.0,0.0,1.7593666666666667,2.29245,0.7228833333333333,2.0187833333333334,6.793466666666666
"Lowndes County, MS",0.7304502202913797,1.0048728981994413,0.02081906588138611,48.03289473684211,1.0000000000000002,0.2890931016281176,1.0,3.0,1.0,60.05043859649123,0.0,0.0,0.0,3.2814,2.19665,1.1437000000000002,2.9265666666666665,9.5483
"Luzerne County, PA",0.6554723538163783,0.9965692895466783,0.014624624497513294,73.57565789473685,0.9945685706859155,0.32830219969152374,2.0,101.0,0.9900990099009901,43.85526315789474,31.9876,3.164516327760623,39693.93307411919,2.0558333333333336,2.2690333333333332,1.01475,2.7310499999999998,8.07065
"Lycoming County, PA",0.26781382202982557,0.9457841980347557,0.013873676524278934,72.07894736842105,0.2711020104005591,0.312143468426049,1.0,5.0,1.0,46.25000000000001,11.537666666666667,0.0,0.0,1.9991666666666668,1.8924166666666666,0.4941166666666666,2.9477499999999996,7.33345
MD,0.7009438463477471,0.9861284612342969,0.008998875140607425,111.125,0.8198058800198398,0.3098031712629156,1.0,7.0,1.0,39.5405701754386,595.7811166666667,0.710667537130862,12003.856276218652,1.3463095799176041,1.7378124408686348,1.3045013026945655,2.5607227861721413,6.949342753769531
MO,0.3879802288304796,0.9258082852770425,0.028273667360275062,37.02412280701755,0.6144992690620134,0.2727892775080163,3.0,38.0,0.7631578947368421,20.169736842105266,606.3114166666667,1.544406242504161,20529.633751796286,1.8867184936733865,1.9560207890626844,0.8231539361729654,2.4039571514079108,7.069842606902907
MS,0.6626286837716304,12.347333876514309,0.02245130724477031,76.58552631578948,0.5200443211475894,0.2777961213735687,2.0,268.0,0.9776119402985075,57.32802580380913,297.4161833333333,0.18618923993367334,4073.3885013436598,2.999788911450017,2.397818635602079,1.0827800356951844,2.808912534633888,9.289301293907956
"Macoupin County, IL",0.4361135623767144,1.114198093564138,0.027732165663200147,36.05921052631579,1.0000000000000002,0.25813368249931196,1.0,4.0,1.0,32.276315789473685,0.0,0.0,0.0,1.6945499999999998,1.921166666666667,0.19701666666666665,1.7469166666666667,5.55965
"Madison County, AR",0.7770598098433124,0.125,0.013320480238366489,75.07236842105263,1.0,0.33071891388307384,1.0,1.0,1.0,75.07236842105263,0.0,0.0,0.0,2.751716666666667,2.1548666666666665,0.8290000000000001,2.0332500000000002,7.768816666666666
"Madison County, IL",0.3268348623853211,1.0,0.041689522764673616,23.986842105263158,1.0,0.3965490469898194,1.0,3.0,1.0,23.98684210526316,26.6381,0.0,0.0,1.5040833333333332,1.7636333333333332,0.6750666666666666,2.0467,5.9895
"Madison County, IN",0.9169603298118203,0.9911237639434072,0.030212681375472075,33.098684210526315,1.0,0.3051592839094672,1.0,6.0,1.0,22.0405701754386,13.0255,0.0,0.0,2.459233333333333,2.4210166666666666,0.7670833333333333,2.7047000000000003,8.352016666666666
"Madison County, MS",0.5117379264440967,1.0052074541460767,0.01447481192267403,69.08552631578948,1.0,0.2942162578266839,1.0,2.0,1.0,48.06578947368421,0.0,0.0,0.0,1.2337333333333333,1.9791999999999998,1.2661833333333332,2.281283333333333,6.7604
"Madison County, TX",0.4420630318673262,0.976072866986831,0.019295258262917378,57.067982456140356,0.7794455896228033,0.29617906473651595,3.0,18.0,0.9444444444444444,54.59636222910217,1.3843333333333334,0.0,0.0,2.7755500000000004,1.9503833333333331,1.4050333333333331,3.866516666666667,9.9975
"Madison Parish, LA",0.5568183666321683,1.0,0.012815108338251412,78.03289473684211,1.0,0.27083783532817496,1.0,2.0,1.0,67.57236842105263,0.0,0.0,0.0,3.9672,2.5335,1.0494833333333333,3.979983333333333,11.530133333333334
"Marion County, AL",0.48421021579248574,0.9546806784006874,0.03187292703415558,34.578947368421055,0.9999999999999999,0.30882650637999626,2.0,11.0,1.0,27.58732057416268,0.0,0.0,0.0,3.1574833333333334,2.3630166666666668,0.5296166666666666,2.5796,8.6297
"Marion County, AR",0.616782510400439,0.0920673253916518,0.012809708410584862,78.06578947368422,1.0,0.2573873544995829,1.0,4.0,1.0,75.07236842105263,0.0,0.0,0.0,2.85435,2.051266666666667,0.20201666666666665,2.001866666666667,7.109500000000001
"Marion County, IN",0.8412682894854858,1.011965281496765,0.025606469002695417,39.05263157894737,1.0,0.33580336171660824,1.0,10.0,1.0,22.513157894736842,93.60085,0.7044325331550702,15842.832072434137,2.8185000000000002,2.3230666666666666,1.4134166666666665,2.83515,9.390133333333333
"Marion County, MS",0.8125110103761658,1.0002541539366847,0.11168258633357825,8.953947368421053,1.0,0.29935939206902346,1.0,1.0,1.0,48.03289473684211,0.0,0.0,0.0,3.74255,2.6239,0.8623333333333333,3.25995,10.488750000000001
"Marion County, SC",0.007696439581597177,1.0,0.03325311747976373,30.072368421052634,0.016517307683440233,0.3517650949901188,1.0,1.0,1.0,30.072368421052634,3.1613666666666673,0.0,0.0,3.735383333333333,2.659733333333333,1.3262666666666665,2.66935,10.390733333333333
"Marion County, TX",0.3144334088182413,1.0,0.047303582120517045,27.04605263157895,0.7450944442871754,0.3618472490388262,3.0,4.0,1.0,30.072368421052634,0.0,0.0,0.0,3.0318166666666664,2.1886666666666668,0.9638666666666666,2.3515166666666665,8.535866666666665
"Marlboro County, SC",0.02321691851851852,1.0,0.041632429471377706,24.019736842105264,0.039534400000000004,0.32688316718566696,1.0,1.0,1.0,24.019736842105264,0.0,0.0,0.0,4.03985,2.3209833333333334,1.2514999999999998,3.6964666666666663,11.308783333333333
"Marshall County, IA",0.17974215683511688,0.9912524444202875,0.041632429471377706,24.019736842105264,0.3754469759554763,0.3982541623300626,1.0,5.0,0.8,13.526315789473685,0.0,0.0,0.0,1.8470000000000002,2.28715,1.28405,3.037333333333333,8.45555
"Marshall County, IN",0.7564312178792084,0.9997721757775306,0.025606469002695417,39.05263157894737,0.9999999999999999,0.3438402427604808,1.0,9.0,1.0,20.046783625730995,0.0,0.0,0.0,2.194383333333333,2.0172333333333334,0.9235666666666668,2.6945833333333336,7.829783333333332
"Martin County, IN",0.9117556587817456,1.1079125341625256,0.01958510501224069,51.059210526315795,1.0000000000000002,0.3527291730941089,1.0,13.0,1.0,14.558704453441296,0.0,0.0,0.0,1.6795,1.8827999999999998,0.07661666666666667,2.040216666666667,5.679133333333334
"Matagorda County, TX",0.30973016810324566,1.025842145289942,0.01673308508057753,74.09649122807018,0.6228490740752672,0.2513269921740367,3.0,24.0,0.9583333333333334,72.62099542334099,3.6627,0.0,0.0,3.250366666666667,2.691966666666667,1.5359999999999998,2.96175,10.440066666666667
"Mendocino County, CA",0.2360803389279532,1.078291976726323,0.02889651907545345,37.53947368421053,0.5857631496807962,0.3353052738973738,2.0,10.0,0.5,3.605263157894737,0.0,0.0,0.0,2.93445,2.60285,1.3546333333333334,3.4002666666666665,10.292216666666667
"Mercer County, IL",0.5216717266511206,0.8879575300831791,0.010123329569085036,100.59868421052633,0.5837600373416181,0.2556714805002962,2.0,28.0,1.0,38.28547932330826,1.5935666666666666,0.0,0.0,1.0913333333333333,1.86205,0.19456666666666667,1.4107333333333332,4.558683333333334
"Mercer County, NJ",0.6384614523636363,0.9964097820718916,0.030303030303030304,33.0,0.7124330745454546,0.26194513902595923,1.0,1.0,0.0,0.0,37.09418333333333,2.5659499584207457,41910.95222353942,1.8139333333333332,1.5638500000000002,1.5009833333333333,3.371033333333333,8.2498
"Miami-Dade County, FL",0.3477730977257792,0.9988708585351407,0.07645311078254098,16.503289473684212,0.06856596086395683,0.44930010128197007,2.0,32.0,1.0,4.218133223684211,263.6655666666667,0.2679830196643378,9681.962010713823,3.0696833333333333,1.7897333333333334,1.6548666666666667,3.3515166666666665,9.8658
"Middlesex County, NJ",0.5905338430096463,1.0004328363413675,0.015856457333611518,63.06578947368421,0.9999999999999999,0.27182156564739035,1.0,31.0,1.0,16.09634974533107,82.77733333333333,0.0,0.0,1.4682166666666667,1.3343,1.5431833333333334,3.3570999999999995,7.7028
"Milam County, TX",0.2780426054060523,0.9030143780516471,0.018259279090827463,57.05701754385965,0.5885989722134203,0.2879390217007957,3.0,14.0,0.7857142857142857,43.16447368421053,2.4705833333333334,0.0,0.0,2.7814333333333336,2.908583333333333,1.2897666666666667,2.7836166666666666,9.763416666666666
"Miller County, AR",0.6183030000604273,0.06413457044671242,0.012331656660717182,81.0921052631579,0.9999999999999999,0.21798383886087025,1.0,3.0,1.0,68.07675438596492,4.336783333333334,0.0,0.0,3.067083333333333,2.5199000000000003,0.8446666666666666,3.5807,10.01235
"Miller County, MO",0.45349673844127186,1.0,0.037018996590355575,27.013157894736842,1.0,0.36634157112947724,1.0,1.0,1.0,27.013157894736842,0.0,0.0,0.0,2.6407666666666665,2.2687166666666667,0.18783333333333332,2.52655,7.623833333333334
"Mills County, IA",0.3230943605279548,0.9978103240032337,0.01958510501224069,51.059210526315795,0.695729887059836,0.3156044825757464,1.0,19.0,0.7894736842105263,32.65131578947368,0.0,0.0,0.0,0.6681500000000001,1.9324333333333332,0.30288333333333334,1.8800333333333334,4.783516666666666
"Mississippi County, AR",0.7231553591287798,0.2281275700795341,0.02221897383423476,45.006578947368425,1.0000000000000002,0.339122679246177,1.0,3.0,1.0,85.08333333333333,4.349783333333334,0.0,0.0,3.5903166666666664,2.900266666666667,1.1547166666666666,2.9164666666666665,10.561783333333333
"Mississippi County, MO",0.5811377426562532,1.0,0.03332602499451875,30.00657894736842,1.0,0.2968771826768212,1.0,1.0,1.0,30.00657894736842,1.3652,10.499072175017092,106030.40894060525,3.9251166666666664,2.6857166666666665,0.8529166666666667,3.1686833333333335,10.632416666666666
"Monmouth County, NJ",0.7427055558981416,1.0013218824115775,0.013320480238366489,75.07236842105263,0.9999999999999999,0.21238013449659318,1.0,117.0,1.0,16.823380566801617,62.876966666666654,0.7176798198534218,8333.486229634635,0.9563333333333333,1.3155000000000001,1.1905,2.24985,5.712183333333333
"Monroe County, AR",0.7087984939397529,0.2767221324008328,0.012331656660717182,81.0921052631579,2.0,0.372677996249965,1.0,1.0,1.0,87.11184210526316,0.0,0.0,0.0,3.61435,2.7657666666666665,1.0120333333333333,2.90195,10.294066666666668
"Monroe County, FL",0.27089083557292887,0.9860139542777431,0.06751932256342498,25.532894736842106,0.49413114823648263,0.35924480554480065,2.0,12.0,0.9166666666666666,6.2805023923444985,0.0,0.0,0.0,1.3846166666666668,1.4223,1.3274000000000001,3.6946999999999997,7.829000000000001
"Monroe County, IL",0.46521425383126763,0.9756064064675921,0.0359811883889092,28.509868421052634,1.0,0.375266754377856,2.0,2.0,1.0,31.503289473684212,0.0,0.0,0.0,0.27416666666666667,1.2497666666666667,0.17756666666666668,0.9011666666666667,2.60265
"Monroe County, IN",0.6614335521557719,1.0,0.0832420591456736,12.013157894736842,1.0,0.2798427845626473,1.0,1.0,1.0,12.013157894736842,0.0,0.0,0.0,2.2473833333333335,0.67165,0.90975,3.2283666666666666,7.0571166666666665
"Monroe County, NY",0.9141590902162082,1.0298249491787266,0.011483831973405863,87.07894736842105,0.9993420687119806,0.21430784890201202,1.0,11.0,0.9090909090909091,17.697368421052634,0.0,0.0,0.0,1.6872166666666668,1.9775333333333334,1.21035,2.8169833333333334,7.6921
"Monroe County, TN",1.0,0.25,0.08301474604041506,12.046052631578949,1.0,0.4330127018922193,1.0,2.0,1.0,9.036184210526317,0.0,0.0,0.0,3.333766666666667,2.2350499999999998,0.6361,2.3060666666666667,8.510983333333334
"Montgomery County, AR",0.51006674430569,0.3333333333333333,0.04157549234135667,24.05263157894737,1.0,0.30000000000000004,1.0,3.0,1.0,31.048245614035086,0.0,0.0,0.0,2.8573166666666663,2.2769166666666667,0.5898666666666667,2.1922666666666664,7.91635
"Montgomery County, IL",0.5674958571428572,1.0,0.04157549234135667,24.05263157894737,1.0000000000000002,0.3355315090812588,1.0,1.0,1.0,30.00657894736842,2.9205,0.0,0.0,2.0374833333333333,1.7469333333333334,0.39575,2.5541666666666667,6.734333333333333
"Montgomery County, IN",0.8754369799783144,1.0273379281138328,0.0092508064025318,108.09868421052632,0.9999999999999999,0.23531554626249743,1.0,17.0,1.0,16.78482972136223,0.0,0.0,0.0,1.7260833333333334,2.212683333333333,0.7458333333333332,2.361083333333333,7.0457
"Montgomery County, NY",0.956662091121219,0.9629558531064336,0.02562805597706963,39.01973684210527,0.9995123006256923,0.2424304827297717,1.0,11.0,1.0,43.39473684210526,0.0,0.0,0.0,2.7387833333333336,2.5941833333333335,1.04345,2.9337666666666666,9.310166666666666
"Montgomery County, OH",0.5091061966386554,0.7273283494800604,0.04157549234135667,24.05263157894737,0.9663865546218487,0.38557851829148565,1.0,2.0,1.0,13.526315789473685,53.4361,2.7456024244712043,38194.9816162268,2.2920333333333334,2.3615833333333334,1.0592166666666667,2.7657166666666666,8.478516666666666
"Montgomery County, TX",0.28293644483717056,1.0137503640305436,0.02709138406543012,51.059210526315795,0.39393189810398044,0.31786758184663944,5.0,70.0,0.9714285714285714,54.03037925696595,0.0,0.0,0.0,1.5077666666666667,1.8738166666666665,1.32685,2.58675,7.295183333333333
"Morehouse Parish, LA",0.28949014894041675,1.0,0.1722177586248874,46.536184210526315,0.5,0.29975328289358305,2.0,3.0,1.0,55.061403508771924,0.0,0.0,0.0,3.555683333333333,2.572433333333333,0.9777666666666667,3.5335,10.639383333333333
"Morgan County, CO",0.3955404066666667,1.0,0.037018996590355575,27.013157894736842,1.0,0.3571294107832509,1.0,1.0,1.0,27.013157894736842,0.0,0.0,0.0,2.4212666666666665,2.459633333333333,1.4480333333333333,3.1541333333333337,9.483066666666668
"Morgan County, IN",0.7693048738104791,3.36280604288499,0.011892653157029965,84.08552631578948,0.9999999999999999,0.34279254380129787,1.0,3.0,1.0,29.00877192982456,0.0,0.0,0.0,1.5595333333333334,1.7930166666666665,0.19443333333333335,1.5494333333333332,5.096416666666666
"Muscatine County, IA",0.42726381170317096,1.0,0.0832420591456736,12.013157894736842,1.0,0.3976845766765994,1.0,2.0,1.0,18.049342105263158,0.0,0.0,0.0,1.4759666666666666,2.2695333333333334,1.1513,2.3902,7.287
"Muskogee County, OK",0.09559731759603145,1.0881231421138147,0.04157549234135667,24.05263157894737,0.1500940591467223,0.35290710750935594,1.0,2.0,1.0,19.54605263157895,6.916366666666667,0.0,0.0,3.0681833333333337,2.7781333333333333,1.2433833333333333,3.5505666666666666,10.640283333333334
NC,0.3961432415710095,0.8374989094843154,0.022143424989777238,51.05098684210527,0.5332540386360192,0.31781828057325845,4.0,113.0,0.8141592920353983,28.277863777089788,999.5746,1.5842287765019285,23371.184196006183,2.339341644530921,2.0558700830499617,1.2403858913390295,2.776875211463782,8.412471427884151
NE,0.3263635267251372,0.7715153884202105,0.023783445470192455,42.04605263157895,0.3289181144624659,0.35253646896851104,1.0,55.0,0.4727272727272727,8.038157894736841,188.7254333333333,3.5293079669986005,40119.37568600192,1.270779067648568,1.9305247141079906,0.9805311496867769,2.417669817156515,6.599506917238281
NJ,0.4103198225919957,1.0339589049419053,0.021659269193759833,87.07894736842105,0.6300062016505482,0.2934955476320809,3.0,1011.0,0.9376854599406528,23.35229426851026,892.1288833333334,1.9013102395934396,26655.25742122784,1.6481117572000652,1.666840490854132,1.3836163458107649,2.782195839816336,7.480765314677723
NY,0.930180699078593,1.0966098646151339,0.02956412876085506,117.71052631578948,0.8907126747380453,0.28659453244420996,5.0,1471.0,0.9177430319510537,36.34502488537054,1960.8203333333333,5.369515843024192,112612.29781481587,2.011589331066718,1.6578952179695785,1.3112370952076227,3.1125383245575287,8.093259826392854
"Nacogdoches County, TX",0.648808530694312,0.9643068000033718,0.011883355484324915,84.15131578947368,0.9999999999999997,0.2627068612002681,1.0,25.0,1.0,84.60263157894738,6.4904166666666665,0.0,0.0,3.468116666666667,2.3081833333333335,1.4025666666666667,4.114216666666667,11.293083333333334
"Napa County, CA",0.23901244292184687,1.0004238957741316,0.06844013054819983,24.019736842105264,0.3754111369725856,0.2868998741799668,2.0,4.0,1.0,14.274671052631579,0.0,0.0,0.0,1.6476333333333333,1.668116666666667,1.5067666666666666,3.199816666666667,8.022333333333334
"Nash County, NC",0.1889535333333333,0.75,0.0833135165858179,13.526315789473685,1.0,0.5892556509887896,2.0,2.0,1.0,22.555921052631582,9.454433333333332,1.6469975536797803,25187.850899880177,2.8016166666666664,2.4287833333333335,1.3546833333333332,3.2678333333333334,9.852916666666667
"Nassau County, NY",0.9512820473074791,0.9821197390960492,0.010088941988583565,99.11842105263159,0.9986886952298181,0.3170039223931488,1.0,57.0,0.9473684210526315,25.573099415204677,135.63153333333332,0.0,0.0,0.8115833333333334,1.3496666666666668,1.4049333333333334,2.6477666666666666,6.213966666666667
"Natchitoches Parish, LA",0.04353282390395223,1.0,0.04755944931163955,21.026315789473685,0.029291232864476987,0.3571950373771214,1.0,4.0,1.0,7.506578947368421,3.880616666666667,0.0,0.0,3.562866666666667,2.2066833333333333,1.03275,3.6832833333333332,10.4856
"Navarro County, TX",0.3012652603465737,1.0555555555555556,0.06711498465610774,25.565789473684212,0.5212285959056272,0.38805823755846286,2.0,8.0,1.0,50.68503289473684,4.910416666666666,0.0,0.0,3.3958,2.9845333333333333,1.4607666666666665,3.299916666666667,11.141016666666667
"Neshoba County, MS",0.6902063535687,0.9332948359502016,0.055454213790587376,18.032894736842106,0.9999999999999998,0.3971679120235197,1.0,1.0,1.0,33.03289473684211,0.0,0.0,0.0,3.5283833333333336,2.9426166666666664,1.1399833333333333,3.0842166666666664,10.6952
"Nevada County, AR",0.6367590313156879,0.09090909090909091,0.011888002502737367,84.11842105263159,1.0,0.2763853991962833,1.0,3.0,1.0,76.08114035087719,0.0,0.0,0.0,3.1037,2.693433333333333,0.7973333333333333,2.9746666666666663,9.569133333333333
"Nevada County, CA",0.1508069255160563,0.9972651517806187,0.04859399251346663,21.00986842105263,0.2314781259471767,0.38156915689744386,2.0,3.0,0.3333333333333333,5.993421052631579,0.0,0.0,0.0,1.3044666666666667,1.6602833333333333,0.9148333333333333,1.8518833333333333,5.7314333333333325
"Newport County, RI",0.6086304504450266,1.0,0.013867347869719914,72.11184210526316,1.0,0.3608494925142333,1.0,7.0,1.0,23.18796992481203,8.333116666666667,5.063289540264888,61048.15777841802,0.9086333333333334,1.5006833333333331,0.8617166666666667,2.52755,5.7986
"Newton County, AR",0.5840373136241721,0.1268019807260823,0.012809708410584862,78.06578947368422,1.0,0.30000000000000004,1.0,1.0,1.0,78.06578947368422,0.0,0.0,0.0,2.4713,1.9584833333333336,0.21168333333333333,1.6794333333333331,6.320916666666666
"Newton County, IN",0.7821554235750926,1.0856269571422912,0.008998875140607425,111.125,0.9999999999999998,0.28083134272155846,1.0,7.0,1.0,17.17293233082707,0.0,0.0,0.0,2.0758,2.1692,0.6736,1.1511833333333332,6.069800000000001
"Newton County, MO",0.37173026023415406,0.997197879779734,0.024288276549166394,42.0296052631579,0.7918250423869195,0.3344693519906239,2.0,4.0,0.75,14.008771929824562,5.841566666666666,0.5972522591922639,5024.177304033735,2.1872666666666665,2.0799,0.8727666666666667,2.55505,7.694983333333333
"Newton County, MS",0.5713094490090715,1.0021722742624486,0.020790589522637123,48.098684210526315,1.0000000000000002,0.252175586869158,1.0,4.0,1.0,33.04111842105263,0.0,0.0,0.0,2.8783,2.7840000000000003,0.9864666666666667,3.0651166666666665,9.713866666666666
"Newton County, TX",0.4035530575390409,0.9530873133697942,0.01760747006042846,62.56688596491228,0.7167652216057506,0.3025392697898075,6.0,62.0,0.8548387096774194,84.46040218470705,0.0,0.0,0.0,3.317266666666667,2.2883166666666668,0.8799166666666666,2.4126833333333333,8.898183333333334
"Nicholas County, WV",0.01241828981521549,1.0,0.03325311747976373,30.072368421052634,0.007661412652198128,0.40832355207827875,1.0,2.0,1.0,12.029605263157896,0.0,0.0,0.0,2.5393333333333334,2.0387833333333334,0.045616666666666666,2.3860333333333332,7.009766666666667
"Noble County, IN",0.9578791827451316,0.9761396239588611,0.01074129036817186,93.09868421052632,1.0,0.3155364846400851,1.0,8.0,1.0,31.898026315789476,4.7519833333333334,0.10101045528358334,838.2184280949358,2.05225,2.17665,0.9450333333333333,2.7313500000000004,7.9052999999999995
"Norfolk County, VA",0.6311458988518649,1.0315456536681247,0.014488609284148319,69.01973684210526,1.015054840598081,0.32725748802537025,1.0,9.0,0.7777777777777778,63.516917293233085,0.0,0.0,0.0,2.8508833333333334,1.6742833333333333,1.3653166666666667,3.5550833333333336,9.445566666666666
"Nueces County, TX",0.3210496226513573,0.9449683823960989,0.019347614373655578,60.07236842105263,0.5506037156249617,0.2649770708525619,3.0,19.0,0.8947368421052632,41.527476780185765,35.23415,0.0,0.0,2.8335666666666666,2.4004833333333333,1.54735,3.2319666666666667,10.013366666666668
OH,0.0067933123406807615,1.0,0.06663743971942131,15.006578947368421,0.01299842645074224,0.42637796218694524,1.0,5.0,1.0,6.001644736842105,1162.5264833333333,2.8572347888256235,41156.09065192766,1.8651670679009456,2.0040939287849535,0.842760905667732,2.4598361321517053,7.17185235248192
OK,0.44839159511746535,0.9713271866240263,0.016153957911409163,72.0625,0.5419553742539975,0.25000871242265826,2.0,18.0,0.8333333333333334,18.025303643724694,386.79591666666664,2.5023940216716807,26014.917422850118,2.2135859398472197,2.328346325264683,1.1655543470139689,2.7151029454150044,8.422592975841335
OR,0.13622577836011232,1.0294176371714179,0.047633970542149795,20.99342105263158,0.09695996780120072,0.34957756381420463,1.0,57.0,0.2807017543859649,5.780701754385967,402.2033,0.5231829920985878,10219.8552718812,1.9767219034020609,1.8200800349693467,1.1150663049660474,3.02203688644504,7.933901888633716
"Obion County, TN",0.8790923233233708,0.24999999999999997,0.08301474604041506,12.046052631578949,0.9999999999999999,0.4330127018922193,1.0,2.0,1.0,10.54934210526316,0.0,0.0,0.0,2.9202166666666667,2.6383,0.9104833333333332,2.33045,8.79945
"Ocean County, NJ",0.7538968945903177,1.003386515566248,0.01752969669011648,57.04605263157895,0.9999999999999996,0.23789528919687644,1.0,85.0,1.0,16.67879256965944,59.49335,0.004335065054818319,66.27361572441953,1.4466833333333333,2.1011333333333333,0.9861666666666666,2.250383333333333,6.784366666666666
"Ohio County, IN",0.6696178018692179,0.8213658393162221,0.02562805597706963,39.01973684210527,0.9999999999999999,0.34555529774396315,1.0,2.0,1.0,29.99013157894737,0.0,0.0,0.0,1.2359333333333333,1.5159500000000001,0.04878333333333334,2.0810833333333334,4.881766666666667
"Oklahoma County, OK",0.643962146032783,0.9908631899053808,0.025606469002695417,39.05263157894737,0.9999999999999998,0.276072840841634,1.0,54.0,1.0,18.631700779727097,76.37345,0.0,0.0,2.2519,2.3560666666666665,1.4288999999999998,2.88615,8.923033333333334
"Oktibbeha County, MS",0.3912850695907699,0.9962415818209468,0.012804313031758066,78.09868421052632,0.9999999999999998,0.21674981050183081,1.0,2.0,1.0,88.60855263157895,0.0,0.0,0.0,3.285716666666667,1.12095,1.0788499999999999,3.362883333333333,8.8484
"Orange County, FL",0.11410010780868851,0.9217837814382659,0.0695130880468607,14.99013157894737,0.11220451897409754,0.40337601689864777,2.0,13.0,0.46153846153846156,4.802631578947368,128.24618333333333,0.005198335337075008,141.23645042290963,2.46475,1.7711499999999998,1.5493,3.0629000000000004,8.848116666666668
"Orange County, IN",0.9622012554977326,1.7446356915023156,0.02081906588138611,48.03289473684211,1.0,0.3044303484796854,1.0,8.0,1.0,21.37171052631579,0.0,0.0,0.0,2.5268333333333333,2.613516666666667,0.21903333333333333,2.8206,8.179966666666667
"Orange County, NY",0.8155159310511246,0.8032166816919322,0.016211283363797433,93.09868421052632,0.984693671953677,0.22241873217013347,2.0,14.0,0.9285714285714286,66.07017543859651,38.0417,0.0,0.0,1.58245,1.9515,1.3492166666666667,3.3476666666666666,8.230833333333335
"Orange County, TX",0.244855411992083,1.0083592027528223,0.025989571381030932,59.307565789473685,0.4698221788816671,0.28961813069467657,4.0,144.0,0.9305555555555556,67.72530439905735,8.351433333333333,0.0,0.0,2.0307333333333335,2.5347,0.8421,2.66935,8.076883333333333
"Orleans Parish, LA",0.6075445852184171,1.217900869321961,0.025896285025595638,84.08552631578948,0.7317729847072798,0.22063163304385952,5.0,217.0,0.9861751152073732,68.23150446871898,36.79971666666667,3.1967422260141745,63297.9303038008,3.02085,1.7455833333333333,1.4580833333333334,3.1666833333333333,9.3912
"Osceola County, FL",0.36966686230409285,1.0,0.11127379209370425,8.986842105263158,0.383048821447231,0.4868421043826316,2.0,5.0,1.0,6.592105263157895,0.0,0.0,0.0,2.9860333333333333,2.4414333333333333,1.5997166666666667,2.6789666666666663,9.706116666666667
"Ouachita Parish, LA",0.3376645099411525,1.0,0.02752631040477835,76.60197368421052,0.5146559144459872,0.3246239477024299,2.0,21.0,1.0,33.02506265664161,15.570483333333332,3.8519612015749223,35196.651224943475,2.9482666666666666,2.2514499999999997,1.0056833333333335,3.52765,9.733033333333333
"Owen County, IN",0.9338373186443767,1.1569732972219036,0.041632429471377706,24.019736842105264,0.9999999999999999,0.2838786357276024,1.0,8.0,1.0,14.636513157894738,0.0,0.0,0.0,2.460433333333333,1.8288,0.25215,1.9811833333333333,6.52255
PA,0.41662422652218917,0.9689033875084038,0.04261186028042216,84.10745614035088,0.7232341403728878,0.30308865556114045,3.0,29.0,0.9310344827586207,38.254576659038904,1278.84475,3.284342248586398,50312.186485515624,0.5597209573527603,1.7949461214965872,0.9417656080583532,2.655066878540063,5.946640873054659
"Palm Beach County, FL",0.06197666990115904,1.0,0.11046511627906976,9.05263157894737,0.006793526604749446,0.42491829279939874,1.0,12.0,1.0,3.504385964912281,141.3387666666667,0.11084479535338615,1970.4197148153899,2.15495,1.9986666666666668,1.4704,2.8138,8.437816666666667
"Panola County, TX",0.602783737591469,0.9089270967641055,0.018500486854917234,54.05263157894737,1.0000000000000002,0.25013334042938673,1.0,6.0,1.0,55.57127192982457,2.3397666666666668,0.0,0.0,2.0899,2.4106666666666667,1.1387333333333334,2.6260333333333334,8.265333333333333
"Parke County, IN",0.8081760379629629,1.0,0.041632429471377706,24.019736842105264,1.0,0.29588984036067945,1.0,6.0,1.0,15.012061403508772,0.0,0.0,0.0,2.50005,1.6746666666666667,0.38553333333333334,3.1475333333333335,7.70775
"Pasco County, FL",0.3990758912404642,1.0000997612723015,0.06342872843765233,22.01315789473684,0.6725731794262764,0.3387023963004751,3.0,5.0,1.0,16.22368421052632,0.0,0.0,0.0,2.2837,2.291916666666667,1.133,2.695683333333333,8.4043
"Pearl River County, MS",0.533322501798237,1.0052198155209153,0.012809708410584862,78.06578947368422,0.9999999999999998,0.31064600096398964,1.0,13.0,1.0,45.97064777327935,0.0,0.0,0.0,3.0050000000000003,2.5431833333333334,0.6990500000000001,2.5665333333333336,8.813799999999999
"Pemiscot County, MO",0.5326069328053228,1.0,0.023802067021609773,42.01315789473684,1.0,0.2421395913866635,1.0,1.0,1.0,42.01315789473684,1.7185333333333332,9.940647063387384,100746.95476763132,3.9656000000000002,3.089166666666667,0.8470666666666666,2.698116666666667,10.599933333333334
"Peoria County, IL",0.56827837068611,1.0,0.037018996590355575,27.013157894736842,1.0,0.3267461529643027,1.0,1.0,1.0,35.99342105263158,18.431383333333333,0.0,0.0,1.9972666666666665,2.14195,1.0918666666666665,2.8631166666666665,8.094216666666666
"Perry County, AR",0.4756254616152044,0.09090909090909088,0.012809708410584862,78.06578947368422,1.0,0.2763853991962833,1.0,1.0,1.0,78.06578947368422,0.0,0.0,0.0,2.2227166666666665,2.1152666666666664,0.30598333333333333,2.646933333333333,7.290900000000001
"Perry County, IN",0.9371854621358223,1.0183503132054084,0.01513040015926737,66.09210526315789,0.9999999999999999,0.1819053430192441,1.0,13.0,1.0,19.632085020242915,0.0,0.0,0.0,1.6015166666666667,1.5757,0.22493333333333332,2.9559833333333336,6.358149999999999
"Perry County, TN",1.0,0.25,0.08301474604041506,12.046052631578949,1.0,0.4330127018922193,1.0,2.0,1.0,9.036184210526317,0.0,0.0,0.0,3.4651833333333335,2.0902499999999997,0.27713333333333334,2.4494000000000002,8.281966666666667
"Philadelphia County, PA",0.002299322251551687,19.780067598315423,0.11168258633357825,8.953947368421053,0.09096149913200638,0.4714045207910317,1.0,4.0,0.5,0.0,156.03448333333333,1.4248987056173161,46118.97434210323,3.363666666666667,2.283583333333333,1.567,3.3455,10.55975
"Phillips County, AR",0.5955105431715991,0.06277528301986195,0.012809708410584862,78.06578947368422,1.0,0.2290614236454256,1.0,5.0,1.0,73.86842105263159,1.9457666666666666,0.0,0.0,3.896266666666667,3.1207999999999996,1.1159166666666667,2.762283333333333,10.895249999999999
"Pike County, IL",0.4956508215867952,1.0115290286806315,0.049963485518930977,22.523026315789473,1.0,0.3748533622929763,2.0,5.0,1.0,16.815789473684212,1.5829833333333334,0.0,0.0,2.0071333333333334,2.3602833333333333,0.24385,1.9768666666666668,6.58815
"Pike County, IN",0.7968773193963762,0.9998207555948166,0.01848923488626688,54.08552631578947,1.0,0.24308924512442426,1.0,9.0,1.0,13.361842105263158,0.0,0.0,0.0,1.4388333333333334,1.7214,0.04,1.8279166666666669,5.0281666666666665
"Pike County, MO",0.3570992,1.0,0.037018996590355575,27.013157894736842,1.0,0.39800098794651256,1.0,2.0,1.0,25.5,0.0,0.0,0.0,2.4737833333333334,2.10615,0.6557000000000001,3.133383333333333,8.369016666666667
"Pike County, MS",0.756343320959873,1.0616359564955675,0.011102183916441457,90.07236842105263,1.0000000000000002,0.31022081013710884,1.0,8.0,1.0,37.14473684210526,0.0,0.0,0.0,3.729416666666667,2.8481,1.28315,3.3451,11.205783333333335
"Pinellas County, FL",0.022434795591597508,1.0,0.055353241077931534,18.065789473684212,0.0020195811025498565,0.5,1.0,4.0,1.0,3.0,94.52698333333333,0.041434377027088735,1368.6012759319692,1.8089666666666666,1.932483333333333,1.17695,3.12495,8.043333333333333
"Pitt County, NC",0.25,1.0,0.04616360667372617,22.555921052631582,1.0,0.36324157862838946,2.0,4.0,1.0,22.55592105263158,17.2917,2.133329220891462,28264.986477134502,3.025233333333333,1.7887666666666666,1.3020833333333333,3.651566666666666,9.767633333333334
"Plaquemines Parish, LA",0.4521680254717607,0.9743791386537664,0.0183107219624647,87.10526315789474,0.801293201652209,0.3090947843226218,5.0,71.0,0.9859154929577465,54.24953007518798,0.0,0.0,0.0,1.9568666666666665,2.288866666666667,1.1952166666666668,2.6599666666666666,8.100916666666667
"Platte County, NE",0.23465571723108836,1.0,0.06663743971942131,15.006578947368421,0.2294497257414205,0.42556832490068386,1.0,2.0,1.0,10.483552631578949,3.2899166666666666,2.573520099293295,22626.773727804655,1.1026833333333332,2.02985,1.1533833333333334,2.3377833333333333,6.6236999999999995
"Poinsett County, AR",0.66529908921627,0.1,0.015145476285372658,66.02631578947368,1.0,0.28747978728803447,1.0,1.0,1.0,66.02631578947368,0.0,0.0,0.0,3.397933333333333,2.794783333333333,0.5560999999999999,2.6063666666666667,9.355183333333333
"Pointe Coupee Parish, LA",0.6253313746005276,1.000000004488689,0.006282030087617787,159.1842105263158,1.0000000000000002,0.1912950013389655,1.0,16.0,1.0,66.46833881578948,0.0,0.0,0.0,2.843833333333333,2.628883333333333,1.0777666666666665,2.5130166666666667,9.0635
"Polk County, FL",0.024649058114277436,0.9981621602699134,0.08347062053816584,11.980263157894738,0.03668274361422994,0.41225245429918395,1.0,8.0,0.875,3.8646616541353387,65.92941666666667,0.18084608549411188,2553.0975288354707,2.9570833333333333,2.5747,1.4054,3.4335999999999998,10.370766666666666
"Polk County, TX",0.2629220123825193,0.9423392354156613,0.02538493471168538,55.083333333333336,0.544629457172667,0.3112886749259172,3.0,46.0,0.8695652173913043,69.47450657894737,4.7743,0.0,0.0,3.344666666666667,2.665366666666667,1.23995,3.3248833333333336,10.574866666666667
"Posey County, IN",0.507235264308507,1.0,0.047633970542149795,20.99342105263158,0.9999999999999999,0.31348913615974483,1.0,2.0,1.0,18.016447368421055,0.0,0.0,0.0,0.7197666666666667,1.4401333333333335,0.1819666666666667,1.3526999999999998,3.6945666666666668
"Pottawattamie County, IA",0.5315885382132325,1.0,0.033289531318440646,30.039473684210527,1.0,0.300333775463893,1.0,3.0,1.0,23.0219298245614,0.0,0.0,0.0,1.3938,2.3243666666666667,0.8683666666666666,2.72535,7.3119000000000005
"Pulaski County, AR",0.7448459283109434,0.12359811281337152,0.007398033680521755,135.17105263157896,0.9235593495511462,0.22402330516481753,1.0,10.0,1.0,76.57565789473685,39.04135,1.101898572747542,25947.784321284093,1.98975,2.2901000000000002,1.3459166666666667,2.8145000000000002,8.440283333333333
"Pulaski County, IN",0.7082965073674967,0.9931421425634804,0.03325311747976373,30.072368421052634,1.0,0.33206881660924054,1.0,7.0,1.0,15.025375939849626,0.0,0.0,0.0,2.1603833333333333,2.1830666666666665,0.23363333333333333,1.8449,6.421983333333333
"Putnam County, FL",0.22923947051381569,0.9906900347061562,0.06320586328119134,37.52302631578948,0.385137123590388,0.3770024726896525,2.0,5.0,0.8,18.008223684210527,0.0,0.0,0.0,3.7919666666666667,2.6578,1.1716333333333333,3.3417499999999998,10.963149999999999
"Putnam County, IN",0.6722104853033586,1.1064004719572489,0.013314646110721794,75.10526315789474,1.0,0.20350253779551572,1.0,12.0,1.0,30.765899122807024,0.0,0.0,0.0,1.51955,1.3799166666666665,0.5316333333333333,2.6932833333333335,6.1244000000000005
"Queens County, NY",0.4466898687264829,0.8025958338526262,0.022868779794909082,98.35361842105263,0.26550536555981014,0.29808631286096876,4.0,337.0,0.9525222551928784,25.38626930101279,228.66828333333333,3.976689919070647,89769.60998105246,2.5193666666666665,1.3335333333333335,1.6377499999999998,3.226316666666667,8.716949999999999
RI,0.6687234536976336,0.9681175621090223,0.01447481192267403,69.08552631578948,1.0000000000000002,0.24267226552455368,1.0,91.0,1.0,20.42982456140351,106.2131833333333,0.11068060330506366,3306.314829472637,1.8967414702533956,1.7418085432623045,1.1382050259523921,2.8419969813539843,7.618743988860665
"Ralls County, MO",0.4828434896569779,1.0,0.041689522764673616,23.986842105263158,1.0,0.41754505287024823,1.0,1.0,1.0,23.986842105263158,0.0,0.0,0.0,1.6755666666666666,1.7491,0.21355000000000002,1.4714,5.109616666666667
"Randolph County, AR",0.655352784689439,0.0666666666666667,0.011479495506381693,87.11184210526316,1.0,0.2290614236454256,1.0,3.0,1.0,80.08333333333334,0.0,0.0,0.0,2.75545,2.7914333333333334,0.3365833333333333,2.4229,8.306366666666667
"Randolph County, IL",0.6207483997962162,0.8961047071723169,0.027252315551462514,51.00986842105263,0.6838741964428628,0.38316423120490445,2.0,3.0,1.0,22.989035087719298,3.2420666666666667,0.0,0.0,1.9037833333333332,1.8411,0.6359666666666667,2.549916666666667,6.930783333333333
"Randolph County, IN",0.8715502845055381,1.0746153677536856,0.013320480238366489,75.07236842105263,1.0,0.37059114200987275,1.0,10.0,1.0,14.421052631578949,0.0,0.0,0.0,2.2357833333333335,2.6235833333333334,0.5418333333333333,1.8647166666666666,7.265899999999999
"Rankin County, MS",0.4695811613084041,1.0066932222034675,0.011897307451471509,84.05263157894737,0.9999999999999998,0.22910762935080944,1.0,4.0,1.0,43.55098684210526,0.0,0.0,0.0,1.2738666666666667,1.9001000000000001,0.9284500000000001,2.61555,6.717966666666666
"Rapides Parish, LA",0.23324849331249495,0.9942183212755898,0.04055477128303662,56.05921052631579,0.3696508527636153,0.28917124035144237,3.0,22.0,0.9545454545454546,70.23214285714286,13.113833333333334,0.0,0.0,2.8157333333333336,2.7588666666666666,1.1412,3.4152833333333334,10.131083333333335
"Refugio County, TX",0.365287097893965,1.0088049332418292,0.01743779649967868,62.08991228070175,0.673442468522771,0.2713020740564032,3.0,18.0,0.8333333333333334,52.66008771929826,0.0,0.0,0.0,2.9850666666666665,3.234883333333333,1.4728666666666665,2.78485,10.477683333333333
"Reynolds County, MO",0.2793334029881935,0.6666666666666666,0.04770872567482736,20.960526315789476,1.0,0.4328489378675674,1.0,1.0,1.0,20.960526315789476,0.0,0.0,0.0,3.3720166666666667,2.1842666666666664,0.1838,2.491816666666667,8.231883333333334
"Richland County, SC",0.34342426701829265,0.8667748923708618,0.014689144220571732,76.58552631578948,0.3971813465282014,0.25897105291844696,2.0,28.0,0.7857142857142857,68.41849415204678,40.11885,0.7729440638372069,21001.699962524253,2.2609,1.80145,1.3513000000000002,3.125083333333333,8.538733333333333
"Richland Parish, LA",0.23820517230924718,1.0,0.06543801484391171,16.503289473684212,0.5086177417931522,0.4333408438341162,2.0,2.0,1.0,24.019736842105264,0.0,0.0,0.0,3.480583333333333,2.3592166666666667,0.8573166666666667,3.3251333333333335,10.022233333333334
"Ripley County, IN",0.8795603429583272,0.9721912189150448,0.010406682185403257,96.0921052631579,1.0,0.29974320036273483,1.0,11.0,1.0,20.999401913875598,0.0,0.0,0.0,1.6391333333333333,1.9322333333333332,0.3284333333333333,2.5862666666666665,6.486066666666667
"Ripley County, MO",0.3373217103964462,0.9642581315347731,0.023002406575368135,43.526315789473685,0.5461959838434326,0.31248958989430503,2.0,15.0,1.0,17.605263157894736,0.0,0.0,0.0,3.58155,2.4854499999999997,0.23941666666666664,2.1448,8.4512
"Roane County, WV",0.025268880332200833,0.5,0.055454213790587376,18.032894736842106,0.07518342242355606,0.4714045207910317,1.0,2.0,1.0,18.032894736842106,1.4406833333333333,4.396062053886466,56669.635936650426,3.4773833333333335,2.1473833333333334,0.09995,2.252666666666667,7.977366666666666
"Robertson County, TX",0.28975736895689436,1.033778079022933,0.04717216499277664,25.549342105263158,0.5008722891310452,0.35667111923144784,2.0,14.0,0.8571428571428571,32.54495614035088,1.6758833333333332,7.526797860463218,57755.77896338511,2.81425,2.8036499999999998,1.3743333333333334,2.8813999999999997,9.873616666666667
"Robeson County, NC",0.15129661747112916,0.9998703689558364,0.04459593939150863,22.523026315789473,0.5411785223114884,0.39686456416829347,2.0,13.0,1.0,15.269736842105269,13.064466666666668,5.635302542434865,67269.22730187565,3.93365,2.7475833333333335,1.52185,3.7145666666666664,11.91765
"Rock Island County, IL",0.6727737713972723,0.9984134036756404,0.027047174638141755,39.05263157894737,0.9841340367564037,0.35920355437067836,2.0,11.0,1.0,32.485645933014354,14.54865,0.0,0.0,1.9907666666666666,2.34235,1.2073833333333333,2.991533333333333,8.53205
"Rockland County, NY",0.8591865715718574,0.9786727591398837,0.010406682185403257,96.0921052631579,0.9945096764899984,0.3847316855534202,1.0,4.0,0.75,28.04385964912281,0.0,0.0,0.0,1.7731833333333336,1.8083500000000001,1.4087833333333333,3.3545,8.344816666666667
"Rogers County, OK",0.84093074438113,0.9922371629430335,0.1668496158068057,5.993421052631579,1.0,0.3484970103885758,1.0,2.0,1.0,24.003289473684212,0.0,0.0,0.0,1.1933833333333335,2.1002,0.9946166666666666,2.1182,6.406416666666666
"Rush County, IN",0.8258463710126666,0.9959861951826319,0.0092508064025318,108.09868421052632,1.0000000000000002,0.2440560796184874,1.0,8.0,1.0,22.893092105263158,0.0,0.0,0.0,2.306,2.0818666666666665,0.15448333333333333,1.5711166666666667,6.113466666666667
"Rusk County, TX",0.28302304372642184,1.0237087099933448,0.10052997537224459,18.0,0.5,0.4049164341627331,2.0,8.0,1.0,40.166940789473685,5.3285,2.1626742092163878,17171.161202502106,2.5138166666666666,2.22965,1.3229833333333334,3.0087500000000005,9.075183333333333
SC,0.40740856242488127,0.9984805235144074,0.0202020854468134,49.54605263157895,0.6034661711788296,0.28383483569535606,2.0,67.0,0.8059701492537313,23.8125,487.72496666666666,0.26478360938449375,4694.446391222442,2.423529850133784,2.0979207330230283,1.172513793248647,2.8851512385347564,8.579116339848513
"Sabine County, TX",0.4560819353067038,1.0803851346169637,0.02163725793848517,47.05701754385965,0.7268372028195821,0.29719599666827595,3.0,27.0,0.8148148148148148,69.91836124401915,0.0,0.0,0.0,3.286966666666667,2.302416666666667,0.6281,1.9745666666666668,8.192066666666667
"Sabine Parish, LA",0.6721115671332614,1.0037423682632483,0.037018996590355575,27.013157894736842,1.0000000000000002,0.3507705928258067,1.0,3.0,1.0,72.07894736842105,0.0,0.0,0.0,3.1322166666666664,2.7558333333333334,0.8924166666666666,2.9369,9.717366666666667
"Saline County, AR",0.6506552497238189,0.12821620435277803,0.007237750583305557,138.16447368421052,0.3841338818909064,0.2178775282785852,1.0,6.0,1.0,75.57675438596492,0.0,0.0,0.0,1.0753000000000001,2.3294833333333336,0.8158833333333333,2.2006166666666664,6.421283333333332
"San Augustine County, TX",0.42886532042097747,0.9741440479802337,0.018549045790457123,58.57565789473685,0.6925767700983605,0.255781478131665,2.0,22.0,0.9090909090909091,69.70723684210527,0.8472666666666666,0.0,0.0,3.72005,2.542683333333333,0.9410333333333334,3.1731166666666666,10.376883333333334
"San Jacinto County, TX",0.3234809069606666,0.9998729397983682,0.03976053085028346,47.453947368421055,0.5398391394450327,0.3054492153854248,5.0,50.0,0.92,71.18935926773456,0.0,0.0,0.0,3.117183333333333,2.5765833333333332,1.1232666666666666,2.2432166666666666,9.060266666666665
"San Patricio County, TX",0.25764779878962857,1.0256473843787903,0.016440314020856977,68.08771929824562,0.5759601168823695,0.2880132008229218,3.0,21.0,0.7142857142857143,53.48026315789473,6.687866666666667,1.9984471977980076,19347.736063724136,2.7281,2.7801833333333335,1.5331333333333335,2.8382166666666664,9.879633333333333
"Santa Barbara County, CA",0.267388377996644,0.8877441840786435,0.030378708869856625,34.54605263157895,0.2640698370694464,0.378928000570313,2.0,5.0,0.6,3.9978070175438596,43.68078333333333,1.4473692410634171,33286.208618816745,2.471033333333333,1.6204833333333333,1.55755,3.5071999999999997,9.156283333333333
"Sarasota County, FL",0.010867139899785149,0.875813594308935,0.20840197693574958,7.490131578947369,0.005912904048841235,0.42849988300034625,2.0,11.0,0.8181818181818182,4.126644736842105,40.67428333333333,0.8053136495883081,26271.694194980697,1.3061666666666667,1.7884,1.0310333333333332,2.4107333333333334,6.536333333333332
"Sauk County, WI",0.38744119003858984,0.7047399508287993,0.08347062053816584,11.980263157894738,1.0,0.3905922830054035,1.0,1.0,1.0,11.980263157894738,6.33945,0.0,0.0,1.1506999999999998,1.8750333333333333,0.6679166666666667,2.2802666666666664,5.973916666666667
"Schenectady County, NY",0.9140514269394371,1.0788202216208884,0.01074129036817186,93.09868421052632,0.9961351781764485,0.22491493378488792,1.0,4.0,0.75,11.991228070175438,0.0,0.0,0.0,1.5679833333333333,1.6893166666666666,1.1004666666666667,2.7693499999999998,7.127133333333333
"Schoharie County, NY",0.977003536875354,0.9689450621599724,0.01697590302276076,79.57894736842105,0.9985902315909063,0.27680864909644143,2.0,32.0,0.96875,68.22920203735146,0.0,0.0,0.0,1.8117,1.71645,0.41031666666666666,2.934366666666667,6.872833333333333
"Schuylkill County, PA",0.4579490466042282,1.014291872643349,0.021082753585087377,58.559210526315795,1.0,0.36914028845951063,2.0,8.0,0.875,36.02631578947369,14.4938,0.0,0.0,2.0277333333333334,2.0936,0.5811833333333333,2.529033333333333,7.231566666666667
"Scott County, AR",0.4229525298613287,0.05555555555555555,0.011479495506381693,87.11184210526316,1.0,0.21295885499997996,1.0,4.0,1.0,83.35361842105264,1.0582166666666666,0.0,0.0,3.31725,2.8921499999999996,0.8986999999999999,2.6992833333333333,9.8074
"Scott County, IL",0.4597928494808401,0.989333500713656,0.0333077781564797,30.023026315789473,1.0,0.3882096876031406,2.0,7.0,1.0,23.169172932330827,0.5121833333333333,0.0,0.0,1.2420166666666665,2.054866666666667,0.1522,1.2093999999999998,4.6585
"Scott County, IN",0.8413971431471237,1.0051934964630835,0.036973972269520795,27.04605263157895,1.0,0.2964773739370445,1.0,7.0,1.0,16.31766917293233,0.0,0.0,0.0,2.7876,2.138516666666667,0.25443333333333334,2.5282666666666667,7.708816666666666
"Scott County, MS",0.40066808210391275,1.1745985827657024,0.06663743971942131,15.006578947368421,1.0,0.34062364024431785,1.0,1.0,1.0,15.006578947368421,0.0,0.0,0.0,3.650016666666667,3.100683333333333,1.4912833333333333,2.959766666666667,11.201716666666668
"Searcy County, AR",0.6697855765899097,0.4010811730282533,0.012809708410584862,78.06578947368422,1.0,0.33849165809400655,1.0,3.0,1.0,30.00657894736842,0.0,0.0,0.0,2.7123166666666667,2.0173833333333335,0.38365,2.2616,7.374949999999999
"Sebastian County, AR",0.7011205782195489,0.24359314364181972,0.011098130841121495,90.10526315789474,1.0,0.22951186288081937,1.0,5.0,1.0,57.6578947368421,0.0,0.0,0.0,2.6713500000000003,2.67655,1.26965,2.8275166666666665,9.445066666666667
"Sequoyah County, OK",0.08653715000000001,0.840004951485246,0.036973972269520795,27.04605263157895,0.0955,0.4101890297143713,1.0,1.0,0.0,0.0,0.0,0.0,0.0,3.4318666666666666,2.8028166666666667,1.0315833333333335,2.5251,9.79135
"Shannon County, MO",0.16281477056684523,0.9380599261183835,0.023212767442040764,43.54276315789474,0.46884897073970283,0.3680861770903431,2.0,4.0,0.75,17.035087719298247,0.0,0.0,0.0,3.268466666666667,2.2038333333333333,0.2479,2.17565,7.895833333333333
"Sharp County, AR",0.5287383709505311,0.15761999574610508,0.011479495506381693,87.11184210526316,1.0,0.2286033398538661,1.0,5.0,1.0,66.67105263157895,0.0,0.0,0.0,3.070933333333333,2.47185,0.41263333333333335,2.1918333333333333,8.14725
"Shasta County, CA",0.3337452286731868,1.0001334270425748,0.025606469002695417,39.05263157894737,0.27074069938971485,0.337797953174178,1.0,15.0,0.26666666666666666,16.544407894736842,0.0,0.0,0.0,2.3464,2.4307666666666665,0.9896166666666666,3.0499500000000004,8.81675
"Shelby County, IN",0.4855146514285714,0.9968241034654342,0.02562805597706963,39.01973684210527,1.0,0.37826182524949964,1.0,2.0,1.0,39.01973684210527,0.0,0.0,0.0,1.6160333333333332,1.9184,0.6525500000000001,2.1992499999999997,6.3862
"Shelby County, TN",0.6201361983672793,0.9392758275481818,0.011371671585356445,88.57565789473685,0.8799718066286796,0.2218737545676343,2.0,39.0,0.7948717948717948,36.7390350877193,93.26453333333333,0.09779729530925928,2369.7002766953196,2.845083333333333,2.3445833333333335,1.45555,2.923883333333334,9.5691
"Shelby County, TX",0.3471614572683382,0.9492030779623826,0.022053477928806325,46.55263157894737,0.5559691445989887,0.28362669971066745,2.0,17.0,1.0,76.18498452012383,2.5287333333333333,0.0,0.0,3.2620166666666663,2.9547333333333334,1.3899666666666668,2.73875,10.345466666666667
"Simpson County, MS",0.406079557037037,1.0,0.041689522764673616,23.986842105263158,1.0,0.36750612397696286,1.0,1.0,1.0,30.039473684210527,0.0,0.0,0.0,3.4909999999999997,2.518216666666667,1.0416666666666667,2.91675,9.96765
"Smith County, MS",0.3870620299783397,1.0439580808242193,0.015145476285372658,66.02631578947368,1.0000000000000002,0.3355450410700015,1.0,1.0,1.0,66.02631578947368,0.0,0.0,0.0,2.60345,2.6777166666666665,0.7196333333333333,2.2914499999999998,8.292233333333334
"Smith County, TX",0.31141496095299975,0.8917248410210967,0.17706196142798522,25.549342105263158,0.5000000000000001,0.23075154940057271,2.0,6.0,1.0,38.54824561403509,0.0,0.0,0.0,2.43575,2.2703166666666665,1.4003833333333333,3.0783833333333335,9.184849999999999
"Snyder County, PA",0.6989931155555555,0.9973180513467437,0.033289531318440646,30.039473684210527,1.0,0.308925173956879,1.0,2.0,1.0,61.569078947368425,0.0,0.0,0.0,1.7280499999999999,1.4372833333333332,0.4279,2.6658500000000003,6.259083333333334
"Somerset County, MD",0.8207344389868839,0.9459863669790962,0.008998875140607425,111.125,0.9703626020030893,0.2590653312154544,1.0,43.0,1.0,27.303855569155445,2.576916666666667,0.0,0.0,3.3266333333333336,1.7797333333333334,1.3270666666666666,3.4865333333333335,9.919983333333333
"Sonoma County, CA",0.279184887545062,1.0147546146231632,0.028279538640880744,39.05263157894737,0.498863285411898,0.31400596000529296,2.0,30.0,0.7333333333333333,12.834031100478471,49.16945,0.9921597784250983,20183.238402737505,1.5935499999999998,1.5872666666666666,1.3867,2.8529666666666667,7.420466666666667
"Spencer County, IN",0.806188428618041,1.1891260199707638,0.027757487216946677,36.026315789473685,0.9999999999999999,0.31564262705325136,1.0,17.0,1.0,11.660990712074305,0.0,0.0,0.0,1.1904000000000001,1.5274666666666665,0.4021166666666667,1.7281000000000002,4.848083333333333
"St. Clair County, IL",0.9932915921288015,0.9230769230769231,0.027706890266131972,36.0921052631579,1.0,0.26524609679296945,1.0,2.0,1.0,67.58881578947368,26.369183333333332,0.0,0.0,2.0176666666666665,2.199683333333333,1.0715833333333333,2.5096666666666665,7.7986
"St. Francis County, AR",0.5597750745856162,0.25033316127903443,0.011888002502737367,84.11842105263159,1.0,0.23467237629199011,1.0,4.0,1.0,45.047697368421055,0.0,0.0,0.0,3.7734166666666664,2.598716666666667,1.2849833333333334,3.74605,11.403149999999998
"St. Helena Parish, LA",0.285462011891553,1.0,0.18331143232588698,16.519736842105264,0.49999999999999994,0.3562668477390785,2.0,2.0,1.0,27.029605263157897,0.0,0.0,0.0,3.4951833333333333,2.8916166666666663,1.0481333333333334,3.030533333333333,10.465466666666666
"St. Joseph County, IN",0.5830863332631994,1.0,0.055353241077931534,18.065789473684212,1.0,0.32425584640608,1.0,4.0,1.0,11.264802631578949,0.0,0.0,0.0,2.1968833333333335,2.135216666666667,1.1157000000000001,2.8348333333333335,8.282633333333333
"St. Landry Parish, LA",0.7205882868511715,1.000238469841712,0.01448170731707317,69.05263157894737,1.0000000000000002,0.2570075862709572,1.0,8.0,1.0,52.92598684210527,0.0,0.0,0.0,3.354583333333333,2.4890166666666667,1.1696166666666665,3.1450333333333336,10.15825
"St. Martin Parish, LA",0.2924449393962361,1.0,0.17946990116801437,21.026315789473685,0.5,0.2721980509940359,2.0,4.0,1.0,33.02467105263158,5.285733333333334,0.0,0.0,2.800316666666667,2.4170166666666666,1.2170333333333334,2.6746499999999997,9.109
"St. Mary Parish, LA",0.45297085459021513,1.0,0.010185886477046015,105.12171052631578,1.0,0.3535585903336651,2.0,3.0,1.0,85.07236842105263,5.2008833333333335,0.0,0.0,3.2488333333333332,2.6933000000000002,1.3480333333333334,3.1614,10.45155
"St. Tammany Parish, LA",0.4301559999369616,0.9943636347801772,0.02508402150563732,48.06578947368421,0.6744920833433032,0.30135122720596824,3.0,15.0,0.9333333333333333,42.91541353383458,24.861416666666667,0.0,0.0,1.5144166666666667,2.3279833333333335,0.9833333333333334,1.78265,6.608383333333333
"Starke County, IN",0.9255583043969862,0.9965705900226729,0.036973972269520795,27.04605263157895,1.0000000000000002,0.3320195276947646,1.0,8.0,1.0,12.013157894736842,0.0,0.0,0.0,2.7321333333333335,2.0776833333333333,0.42975,1.55795,6.797533333333334
"Starr County, TX",0.33658695816852985,0.8792608210722501,0.0889738733239636,48.04934210526316,0.477097526510096,0.2733739183755902,2.0,27.0,1.0,76.0129142300195,6.3113166666666665,0.0,0.0,4.15625,2.9025166666666666,1.6660166666666667,2.7298833333333334,11.454649999999999
"Stone County, AR",0.5686064500052391,0.44480180500821953,0.011479495506381693,87.11184210526316,1.0,0.29686528351625924,1.0,3.0,1.0,45.05043859649123,0.0,0.0,0.0,3.1786999999999996,2.2678833333333333,0.27081666666666665,2.4366833333333333,8.1541
"Stone County, MS",0.7269666607570408,0.9867244574427387,0.006659072986944712,150.17105263157896,1.0,0.2878431633444521,1.0,7.0,1.0,38.18796992481203,0.0,0.0,0.0,3.0982,2.2228833333333333,0.7562833333333333,2.90855,8.985916666666666
"Suffolk County, NY",0.9474432718931323,0.9926372383655646,0.010088941988583565,99.11842105263159,0.9996568075784491,0.21849193410741966,1.0,27.0,0.9259259259259259,37.83684210526316,149.58003333333332,0.0,0.0,1.0116666666666667,1.3244333333333334,1.3053666666666668,2.357533333333333,5.999
"Sullivan County, IN",0.8919635403124515,1.0752539457252106,0.011479495506381693,87.11184210526316,1.0000000000000002,0.28542386776664597,1.0,7.0,1.0,21.021616541353385,0.0,0.0,0.0,2.2540666666666667,2.0699666666666667,0.4540166666666667,3.3016166666666664,8.079666666666666
"Summers County, WV",0.02377794404753711,0.8249493762659146,0.03332602499451875,30.00657894736842,0.047178081836327344,0.3558324458795179,1.0,2.0,1.0,21.00986842105263,0.0,0.0,0.0,2.8852166666666665,2.1960666666666664,0.38706666666666667,3.204916666666667,8.673266666666667
"Sumter County, SC",0.037645173938524366,1.0,0.03325311747976373,30.072368421052634,0.06326887009159342,0.3761728636331883,1.0,3.0,1.0,30.072368421052634,0.0,0.0,0.0,3.3264666666666667,2.5928833333333334,1.2764333333333333,3.455083333333333,10.65085
"Susquehanna County, PA",0.45397847611087894,0.9799744111435191,0.027757487216946677,36.026315789473685,0.9999999999999998,0.35878915979490755,1.0,2.0,1.0,49.54605263157895,0.0,0.0,0.0,1.8011666666666668,1.8095,0.23205,1.665733333333333,5.508416666666666
"Switzerland County, IN",0.6386268075,1.0,0.0832420591456736,12.013157894736842,1.0,0.34760819158231276,1.0,1.0,1.0,12.013157894736842,0.0,0.0,0.0,2.9221833333333334,2.4870666666666668,0.33874999999999994,2.507216666666667,8.255216666666668
TN,0.6617564566776336,0.7925641720134462,0.13754311163467467,32.046052631578945,0.6560939132172092,0.24177698610982595,3.0,25.0,0.96,36.629385964912274,659.6911833333334,0.9678032297409592,14340.286843563461,2.341602092277278,2.0388855460147437,0.9449794991781277,2.5056732247694935,7.831143056044994
TX,0.4984617455816649,0.9914330327618798,0.016132935655882915,76.9514802631579,0.7763069574235351,0.2787383786833015,8.0,538.0,0.637546468401487,38.16006214515882,2718.738966666667,0.6487496315794045,7188.329517670567,2.449592875567689,2.1637418236638735,1.4919130222573471,2.813592868317216,8.918842544003818
"Tama County, IA",0.0078625,1.0,0.0832420591456736,12.013157894736842,0.015725,0.5,1.0,2.0,1.0,12.013157894736842,0.0,0.0,0.0,1.4105333333333334,2.3754166666666667,1.0401166666666668,1.9234333333333336,6.7495166666666675
"Taney County, MO",0.053042983964393234,1.0,0.02556104809220821,40.516447368421055,0.1111820785197717,0.4036426055395763,2.0,10.0,0.8,22.514802631578945,5.379133333333334,1.352025841720588,15750.348991670391,2.6986833333333333,2.3203,0.7233666666666667,3.2093166666666666,8.951683333333333
"Tangipahoa Parish, LA",0.3821273633902108,0.9441233186956888,0.08695616675273866,46.848684210526315,0.6006019035382741,0.3236147226370097,5.0,32.0,0.96875,32.74957555178269,12.793999999999999,3.083730813859647,35637.53398124883,3.2367000000000004,2.686733333333333,1.1254333333333333,3.061866666666667,10.110733333333334
"Tarrant County, TX",0.0069285237053294734,2.442426914890541,0.20828769623950347,7.506578947368421,0.007880868658416453,0.4330127018922193,2.0,13.0,1.0,4.632775119617225,196.38803333333334,0.0,0.0,2.1658333333333335,2.15865,1.5188333333333333,2.450066666666667,8.293383333333333
"Tensas Parish, LA",0.7332385194511641,1.0,0.022202746129126497,45.03947368421053,1.0,0.31942597686579677,1.0,3.0,1.0,72.06798245614036,0.0,0.0,0.0,3.7737833333333337,2.4139666666666666,1.1203833333333333,2.6273,9.935416666666667
"Terrebonne Parish, LA",0.4503338442260064,0.9847465259765451,0.020447891712127457,66.6842105263158,0.8041465096338334,0.295601206020547,5.0,68.0,0.9852941176470589,54.018263943440694,11.152383333333333,0.0,0.0,2.7385333333333333,2.4532833333333333,1.1667333333333334,3.186783333333333,9.545366666666666
"Travis County, TX",0.1377060498786248,0.9989468243152793,0.022370388552355756,51.07565789473684,0.4817531204201232,0.32805657008981337,2.0,9.0,0.5555555555555556,28.23684210526316,116.06336666666668,0.0,0.0,1.7377,1.3238,1.5220833333333335,3.0345333333333335,7.618133333333333
"Trinity County, TX",0.34789706632324624,0.9638002558027688,0.02052340588696097,55.58223684210526,0.5620910799891305,0.32043328798961346,2.0,20.0,1.0,84.87500000000003,0.0,0.0,0.0,3.0550833333333336,2.6347,1.0506499999999999,2.467033333333333,9.207466666666667
"Tulsa County, OK",0.06977542355932204,1.039313435035679,0.036973972269520795,27.04605263157895,0.20960473694915255,0.33328893849026514,1.0,1.0,0.0,0.0,0.0,0.0,0.0,2.0376666666666665,2.3405666666666667,1.3413000000000002,2.71335,8.432883333333335
"Tuolumne County, CA",0.3365121674434502,1.0063958107370723,0.014488609284148319,69.01973684210526,0.9999999999999998,0.30741707087775794,1.0,3.0,1.0,74.06359649122807,0.0,0.0,0.0,2.0433,1.974,0.9429666666666666,2.89345,7.853716666666666
"Tuscaloosa County, AL",0.7421121010143066,1.044684085935137,0.010054578430623514,111.14144736842105,0.9449118379184774,0.2202672740224363,2.0,180.0,1.0,23.236361620342997,0.0,0.0,0.0,2.4219166666666667,1.5155500000000002,1.1783833333333333,3.2602166666666665,8.376050000000001
"Tyler County, TX",0.3611091240624671,0.9619225600700934,0.01910084909841859,54.817434210526315,0.7406935552636985,0.2845037201696396,4.0,47.0,0.8297872340425532,64.9433198380567,2.12295,0.0,0.0,3.0891,2.230366666666667,0.9101333333333333,3.5235833333333333,9.753166666666667
"Ulster County, NY",0.9833978887823831,0.9988973934348915,0.013320480238366489,75.07236842105263,0.9988843086247279,0.2637854807501688,1.0,17.0,0.8235294117647058,16.078007518796998,0.0,0.0,0.0,1.7144000000000001,1.5692666666666668,1.03685,3.067483333333333,7.388016666666666
"Union County, AR",0.6015529460920955,0.3117976732839168,0.011479495506381693,87.11184210526316,1.0,0.21148921247251135,1.0,6.0,1.0,51.053728070175445,0.0,0.0,0.0,2.7655833333333333,2.6971333333333334,1.1487833333333333,2.68925,9.300733333333334
"Union County, NJ",0.5273527933714068,0.9762461635316696,0.007928642220019821,126.125,1.0000000000000002,0.36067217368267174,1.0,25.0,1.0,15.276315789473683,55.092866666666666,0.2440323994354583,3398.1168765950342,2.0300166666666666,2.0086166666666667,1.579,3.0957666666666666,8.7134
"Union Parish, LA",0.2579079430953167,1.0,0.03501518373911479,43.54276315789474,0.5182166776914173,0.3515871988497058,2.0,7.0,1.0,49.33458646616542,0.0,0.0,0.0,2.7977333333333334,2.4869166666666667,0.9611333333333333,3.1042,9.35
"Upshur County, TX",0.5994586064128081,1.0031509054770855,0.036973972269520795,27.04605263157895,1.0,0.2911040251786018,1.0,4.0,1.0,39.05263157894737,0.0,0.0,0.0,2.4802,2.347566666666667,0.9872666666666667,2.3927,8.207733333333334
VA,0.4819760794753903,0.9901959533833866,0.010745086950374664,93.06578947368422,0.7752236399099514,0.26351682252806824,1.0,10.0,0.7,51.56907894736842,831.4138166666667,1.7095583437005597,27120.52246154067,1.4736088681407502,1.688707518757907,1.179370627403767,2.2730414490986095,6.614727724160308
"Van Buren County, AR",0.5535347147223236,0.13648836840627412,0.011479495506381693,87.11184210526316,1.0,0.25677869901394595,1.0,4.0,1.0,64.5625,0.0,0.0,0.0,3.2608333333333337,2.4342,0.35365,2.90245,8.95115
"Vanderburgh County, IN",0.9455431702382002,0.9986101966355223,0.023783445470192455,42.04605263157895,1.0,0.24261110049920112,1.0,10.0,1.0,33.641447368421055,0.0,0.0,0.0,1.9904166666666665,2.0112,0.8010833333333333,2.971216666666667,7.773933333333333
"Ventura County, CA",0.20029667535929507,1.0077987456678394,0.03390181058532942,30.039473684210524,0.278617053835283,0.35564173847601754,3.0,15.0,0.8666666666666667,13.174595141700404,83.72833333333334,0.6988413382107272,12553.755506591066,1.88825,1.7447666666666668,1.5468333333333335,2.6357166666666667,7.815566666666666
"Vermilion Parish, LA",0.3405202310298986,0.9647561761282007,0.037950463473601134,66.84868421052632,0.5000000000000001,0.2702815940894859,4.0,39.0,1.0,51.15114709851552,0.0,0.0,0.0,2.7849833333333334,2.5547,1.0816666666666668,2.816933333333333,9.2383
"Vermillion County, IN",0.8645152261269111,1.0258987121906666,0.020790589522637123,48.098684210526315,0.9999999999999999,0.3004376673807261,1.0,7.0,1.0,9.8703007518797,0.0,0.0,0.0,1.8537166666666665,2.5148333333333333,0.12651666666666667,2.2024833333333333,6.697533333333333
"Vernon County, WI",0.4711153462791353,1.7768313982446788,0.047633970542149795,20.99342105263158,0.9999999999999997,0.3225562298252384,1.0,4.0,1.0,14.998355263157894,0.0,0.0,0.0,1.8634000000000002,1.9866333333333335,0.4109666666666667,2.9024,7.163383333333333
"Vernon Parish, LA",0.15024642934049046,0.9849149433893282,0.12200802260318531,61.07017543859649,0.5,0.23937938569651632,3.0,7.0,1.0,39.9078947368421,5.0695,0.0,0.0,2.56135,2.337283333333333,1.00395,2.8890666666666664,8.791683333333333
"Victoria County, TX",0.39083280905825546,0.9998276972978599,0.026055953369099605,46.55263157894737,0.96766493349946,0.27085260886932416,2.0,14.0,0.7142857142857143,54.68092105263158,9.016333333333332,0.0,0.0,2.4980166666666666,2.5933166666666665,1.4674833333333333,3.0625,9.621316666666667
"Vigo County, IN",0.7275181658889232,1.0,0.011892653157029965,84.08552631578948,1.0,0.29831822758132337,1.0,2.0,1.0,34.5296052631579,0.0,0.0,0.0,2.75895,1.9221333333333332,0.7324,3.2125,8.625983333333332
"Volusia County, FL",0.3621614082844218,0.5999674420204038,0.13722064098076156,18.008223684210527,0.30753334642064517,0.3922011817090497,4.0,11.0,0.6363636363636364,13.504385964912279,0.0,0.0,0.0,2.217283333333333,2.1179333333333332,1.1311833333333334,2.7201500000000003,8.18655
WI,0.49858679447970816,0.6938070261058866,0.02081906588138611,48.03289473684211,0.9194970448800208,0.35858542382544656,1.0,4.0,0.5,42.078947368421055,576.4155666666667,0.5582857513063049,9639.93007814447,1.2977070484714142,1.6700770411482122,0.867003501281586,2.4212124878455685,6.255999999629755
WV,0.28582345971470535,0.9677356570042173,0.015958598361253802,69.06907894736842,0.5212490822407895,0.2873725140181722,2.0,58.0,0.7586206896551724,40.11622807017544,182.83703333333332,2.491947949842968,28011.22192084745,2.34505653628502,1.935231224529235,0.3955867445258128,2.6443386641046334,7.320214614513088
"Wabash County, IN",0.9094412368802128,1.061661056754978,0.008998875140607425,111.125,1.0,0.2655380419039439,1.0,9.0,1.0,23.69809941520468,0.0,0.0,0.0,1.7659166666666666,1.9829,0.35073333333333334,2.3295666666666666,6.429116666666666
"Walker County, AL",0.5081635060670133,0.9323018404040175,0.04623660519047147,22.523026315789473,1.0,0.3612627146472628,2.0,3.0,1.0,26.037280701754383,0.0,0.0,0.0,3.265283333333333,2.533166666666667,0.6551,2.3218833333333335,8.775433333333334
"Walker County, TX",0.47636662508628835,1.0496697525259517,0.01877327235158417,55.58223684210527,0.7759528931510298,0.2843599566238484,4.0,25.0,0.96,58.81688596491228,7.10295,0.0,0.0,3.1461166666666665,0.9855,1.3742333333333334,3.8769499999999995,9.382783333333334
"Waller County, TX",0.3383147256430967,0.9803510349593189,0.017728946536156167,58.56743421052632,0.7163198837587208,0.27859267838653357,4.0,33.0,0.8484848484848485,56.87687969924813,0.0,0.0,0.0,2.91255,1.9248666666666665,1.5363333333333333,3.39075,9.764516666666667
"Ward County, ND",0.9906698526913971,1.0036108238909278,0.014579599740639918,77.11184210526316,1.0000000000000002,0.23522810341922296,3.0,102.0,1.0,66.56160287081339,0.0,0.0,0.0,0.7126666666666667,1.1857333333333333,0.6869999999999999,2.9002166666666667,5.485600000000001
"Warren County, MS",0.6183212433944208,1.002776327832875,0.011888002502737367,84.11842105263159,1.0,0.25555116506423725,1.0,3.0,1.0,73.12061403508773,0.0,0.0,0.0,2.957516666666667,2.6088,1.1486333333333334,2.9979999999999998,9.712950000000001
"Warren County, NJ",0.5999949569086128,1.0,0.0832420591456736,12.013157894736842,1.0,0.4000000000000001,1.0,2.0,1.0,18.032894736842106,10.757716666666667,0.0,0.0,1.2576666666666665,1.3979833333333334,1.0393333333333332,2.1434,5.838383333333333
"Warrick County, IN",0.9213259732516236,1.0473869088516705,0.022186542110640785,45.07236842105263,1.0,0.27079408786622194,1.0,18.0,1.0,16.857821637426905,0.0,0.0,0.0,0.48965,1.6891833333333333,0.45399999999999996,1.48465,4.117500000000001
"Washington County, AR",0.8142537324136484,0.288656691758276,0.007237750583305557,138.16447368421052,0.8445955578403105,0.20616616363116846,1.0,6.0,1.0,77.07346491228071,0.0,0.0,0.0,2.4635000000000002,1.8438666666666668,1.2812333333333334,3.2664000000000004,8.855016666666666
"Washington County, FL",0.044412706737381326,1.0,0.0834146738246299,13.493421052631579,0.11696313355988436,0.3808993617888331,2.0,10.0,1.0,7.796052631578948,0.0,0.0,0.0,3.4779666666666667,2.16895,0.9240499999999999,3.0532500000000002,9.6242
"Washington County, IN",0.5240050946051755,1.0,0.06649168853893263,15.039473684210527,1.0000000000000002,0.33465827134085097,1.0,3.0,1.0,16.04824561403509,0.0,0.0,0.0,2.5071499999999998,2.2520000000000002,0.1288,2.1038333333333337,6.9918000000000005
"Washington County, TX",0.33305749539772445,0.9971014841824484,0.033590980672026045,31.55263157894737,0.5715385694501898,0.3283125582947004,2.0,6.0,0.6666666666666666,37.55592105263158,3.4568333333333334,0.0,0.0,2.0112666666666663,2.1146499999999997,1.2777,3.22265,8.62625
"Washington Parish, LA",0.9284424218716637,1.0005644489409449,0.09855072141544988,38.30427631578948,0.75,0.2769989059097754,4.0,19.0,1.0,32.57063711911358,4.632733333333333,0.0,0.0,3.8089333333333335,2.9721666666666664,1.1093333333333335,3.5637666666666665,11.454216666666667
"Wayne County, IN",0.7192726901909119,1.0309239931034682,0.0092508064025318,108.09868421052632,1.0,0.3284468411815838,1.0,8.0,1.0,31.527960526315795,0.0,0.0,0.0,2.7148333333333334,2.6071666666666666,0.7392166666666666,2.8753166666666665,8.93655
"Wayne County, MI",0.02510597192279325,0.6999174757682303,0.08347062053816584,11.980263157894738,0.03244518107854328,0.42210573108791105,1.0,31.0,0.7741935483870968,3.8646616541353387,178.73525,1.601226686811432,41038.78051840459,3.145633333333333,2.571066666666667,1.4137000000000002,2.7974833333333335,9.92785
"Wayne County, MO",0.2644532966931217,0.8007099777431141,0.054163481242047465,19.496710526315788,0.6270327380952381,0.40385933985993805,2.0,6.0,0.8333333333333334,15.618421052631579,0.0,0.0,0.0,3.5215666666666667,2.2155333333333336,0.1733,2.53175,8.442166666666667
"Wayne County, MS",0.36342495255773166,1.0,0.02081906588138611,48.03289473684211,1.0000000000000002,0.3317865078289507,1.0,1.0,1.0,48.03289473684211,0.0,0.0,0.0,3.669233333333333,2.9538833333333336,0.9454166666666667,2.4459833333333334,10.014516666666667
"Weakley County, TN",1.0,0.3333333333333333,0.11046511627906976,9.05263157894737,1.0,0.4714045207910317,1.0,2.0,1.0,7.539473684210527,0.0,0.0,0.0,3.005966666666667,1.8859000000000001,0.5427166666666666,2.715783333333333,8.150350000000001
"Webster County, WV",0.03448726042240592,0.7642361546525246,0.027757487216946677,36.026315789473685,0.04586034684534806,0.34307950985162655,1.0,2.0,0.5,30.072368421052634,0.8706833333333334,0.9188185524779386,1607.932466836393,3.4962666666666666,2.3106833333333334,0.030049999999999997,2.44195,8.27895
"Weld County, CO",0.6322012691168574,1.0237860115981066,0.013314646110721794,75.10526315789474,0.9999999999999997,0.23441659462620282,1.0,42.0,1.0,29.233552631578952,28.799483333333328,0.0,0.0,1.8554666666666666,1.8872333333333333,1.3253166666666667,2.6725999999999996,7.740616666666667
"West Baton Rouge Parish, LA",0.5147149206201334,1.0,0.011479495506381693,87.11184210526316,1.0000000000000002,0.23651186839070798,1.0,9.0,1.0,51.74634502923977,0.0,0.0,0.0,2.2246,2.0635833333333333,1.1158333333333335,3.2430833333333333,8.6471
"West Carroll Parish, LA",0.6034012152622643,1.0,0.08347062053816584,11.980263157894738,1.0,0.3914111652360325,1.0,1.0,1.0,51.059210526315795,1.10825,0.0,0.0,3.2455166666666666,2.4353333333333333,0.7524000000000001,2.48165,8.914883333333334
"West Feliciana Parish, LA",0.35473576934757234,1.0,0.038522060952412285,55.549342105263165,0.5387386795199758,0.3675891652362095,2.0,8.0,1.0,61.178453947368425,0.0,0.0,0.0,2.6532,1.3366166666666668,1.0672333333333333,3.1597500000000003,8.216800000000001
"Westchester County, NY",0.9973431992236467,0.9440480766182237,0.012341669373173108,81.02631578947368,0.9985929484737175,0.23807551017012837,1.0,5.0,1.0,25.210526315789473,96.77351666666667,0.0,0.0,1.4643500000000003,1.7027999999999999,1.4820166666666665,3.495366666666667,8.144533333333333
"Wharton County, TX",0.12258941843787104,1.0332782724496765,0.018019771469183096,58.054824561403514,0.24892112581910344,0.28169606515859635,3.0,22.0,0.6818181818181818,36.84649122807017,4.14115,0.0,0.0,2.9410166666666666,2.688833333333333,1.5150666666666668,3.0757833333333333,10.220699999999999
"White County, AR",0.5859027560443858,0.050256372435280305,0.011479495506381693,87.11184210526316,1.0,0.21295885499997996,1.0,5.0,1.0,77.47368421052633,0.0,0.0,0.0,2.6282,2.289566666666667,0.7492333333333333,3.343166666666667,9.010183333333332
"White County, IN",0.9131502755602876,1.0497111840938156,0.030212681375472075,33.098684210526315,0.9999999999999999,0.3264050671649925,1.0,17.0,1.0,14.141640866873066,0.0,0.0,0.0,1.49965,2.2425833333333336,0.8371166666666667,1.6159833333333333,6.19535
"Whiteside County, IL",0.4278478333333333,1.0,0.037018996590355575,27.013157894736842,1.0,0.43419695767806676,1.0,1.0,1.0,27.013157894736842,5.68555,0.0,0.0,1.4999500000000001,2.3358333333333334,0.8531666666666667,2.0255833333333335,6.714566666666666
"Whitley County, IN",0.8944468394200901,1.2315434445513758,0.04755944931163955,21.026315789473685,1.0,0.370097544403063,1.0,9.0,1.0,12.331140350877194,0.0,0.0,0.0,1.05815,1.8835,0.18156666666666665,1.37275,4.495966666666667
"Wilcox County, GA",0.5442451759532073,1.0,0.041689522764673616,23.986842105263158,1.0,0.4030009101910548,1.0,1.0,1.0,27.013157894736842,0.8895333333333334,3.854348454513335,23013.672230490036,3.458133333333333,1.9320833333333332,1.1196166666666667,3.0745,9.584333333333333
"Wilkinson County, MS",0.5150386029411764,1.0,0.037018996590355575,27.013157894736842,1.0,0.3064844255941454,1.0,1.0,1.0,36.05921052631579,0.0,0.0,0.0,3.826966666666667,2.42025,1.1523166666666667,3.3341833333333333,10.733733333333333
"Will County, IL",0.6747061005915821,0.9970899045259041,0.027732165663200147,36.05921052631579,1.0,0.28120599798213647,1.0,11.0,1.0,36.57954545454546,68.51063333333333,0.0,0.0,1.1144,1.7579666666666665,1.3255333333333332,1.7525000000000002,5.950383333333334
"Willacy County, TX",0.34110180774883664,0.9771324674203002,0.030472336421544843,48.06578947368421,0.5407173667039723,0.31847082636682295,4.0,49.0,0.9795918367346939,81.5546875,0.0,0.0,0.0,3.98155,2.71445,1.6496166666666667,3.2460166666666663,11.591633333333334
"Williamson County, TX",0.09543766142652,0.9933608280935418,0.027757487216946677,36.026315789473685,0.1781617336695497,0.28780632800163325,1.0,4.0,0.75,8.010964912280702,50.90736666666667,0.3278597437530558,4230.754516115967,0.9971666666666668,1.83885,1.3655666666666668,1.9108833333333335,6.112466666666666
"Winn Parish, LA",0.3742699047853995,1.0,0.17221370702868402,46.569078947368425,0.5,0.34094387180850405,2.0,5.0,1.0,46.26973684210526,1.4582666666666666,0.0,0.0,3.0576000000000003,2.4349,0.9122166666666667,3.0258333333333334,9.430516666666668
"Winnebago County, IL",0.7035554623409026,0.9622751965640335,0.026951074367904837,52.588815789473685,0.9091275049265117,0.3072879777398526,2.0,23.0,1.0,41.658466819221964,28.821566666666673,3.127618223721026,33838.34527467056,2.566866666666667,2.4637,1.2316833333333335,2.566683333333333,8.828933333333334
"Winston County, AL",0.772799170827284,0.8886549518510775,0.06663743971942131,15.006578947368421,1.0000000000000002,0.3367560445145124,1.0,2.0,1.0,19.529605263157897,0.0,0.0,0.0,3.2018500000000003,2.4455500000000003,0.49499999999999994,2.33665,8.47905
"Winston County, MS",0.7269544594634435,1.000264425198391,0.041689522764673616,23.986842105263158,0.9999999999999999,0.31068729614223145,1.0,2.0,1.0,42.01315789473684,0.0,0.0,0.0,3.5331833333333336,2.868783333333333,1.07535,2.9785000000000004,10.455816666666665
"Wise County, TX",0.23183685245800936,1.0,0.17946990116801437,21.026315789473685,0.49999999999999994,0.30201471339230945,2.0,2.0,1.0,24.003289473684212,6.385683333333334,0.0,0.0,1.9247833333333333,2.2329833333333333,1.1501166666666667,2.35925,7.667133333333333
"Woodford County, IL",0.5890611010124761,1.0061437704897807,0.027732165663200147,36.05921052631579,1.0000000000000004,0.35855531796100776,1.0,8.0,1.0,29.274671052631582,3.8674666666666666,0.0,0.0,0.5415166666666668,1.5539833333333333,0.18928333333333333,1.5314500000000002,3.816233333333333
"Woodruff County, AR",0.4789972358760653,0.11421362105277799,0.011479495506381693,87.11184210526316,1.0,0.21242630355955971,1.0,6.0,1.0,70.57127192982456,0.0,0.0,0.0,3.4171,2.7803166666666663,0.6998000000000001,2.7893666666666665,9.686583333333333
"Worth County, GA",0.23874901982311592,1.0378690503896293,0.027757487216946677,36.026315789473685,0.9376719448390238,0.3103358979125615,1.0,1.0,1.0,36.026315789473685,2.096216666666667,2.226232975280863,18922.397228870002,3.440383333333333,2.6332333333333335,0.9613999999999999,2.322783333333333,9.357783333333332
"Wright County, MO",0.16850995685718237,0.9891939511804939,0.02221897383423476,45.006578947368425,0.4631919639414203,0.37970829441358783,1.0,2.0,0.5,42.01315789473684,1.8449666666666669,4.506165688736605,52547.22706080028,3.627383333333333,2.941933333333333,0.3288166666666667,2.4000333333333335,9.298166666666667
"Wyoming County, PA",0.37503463428435213,0.8561322153224113,0.02081906588138611,48.03289473684211,1.0,0.2997215227897054,1.0,6.0,1.0,39.03618421052632,0.0,0.0,0.0,1.2532833333333333,1.5903,0.23928333333333332,1.9003833333333333,4.983233333333334
"Yell County, AR",0.545694415175046,0.19587308041592297,0.011479495506381693,87.11184210526316,1.0000000000000002,0.2720240464920489,1.0,4.0,1.0,42.05427631578947,0.0,0.0,0.0,2.8423499999999997,2.79775,1.2476166666666666,2.818633333333333,9.706366666666666
"Yuba County, CA",0.14977528659157943,0.9894686692148817,0.029596473051877778,36.026315789473685,0.3353373575918988,0.31948168429101315,2.0,6.0,0.5,12.002192982456142,0.0,0.0,0.0,3.34125,2.6447166666666666,1.4658,3.2415333333333334,10.6933
