covariate,estimate,pvalue,significant
republican,-0.04291816662666031,0.697216726925836,False
unified_govt,-0.05286669038738077,0.6302138048167367,False
govt_capacity,-0.08605333377869029,0.19800227506415014,False
infrastructure,-0.08163988119248317,0.14165059222671395,False
urbanization,0.0799739265767387,0.14858220333093142,False
