fold,n_train,n_test,train_CFI,train_RMSEA,train_beta,train_pvalue,test_CFI,test_RMSEA,test_beta,test_pvalue,beta_diff
1,52,13,1.0075544078062446,0.0,2.308672610451016,1.2123110768591516e-06,1.030841879460153,0.0,2.3150864309522783,3.485810295478231e-05,0.0064138205012622684
2,52,13,1.0110674251427074,0.0,2.2448577197982176,9.375189957694374e-09,1.0859641875825188,0.0,2.233290000302689,0.17689956176295185,0.011567719495528372
3,52,13,1.014049970047138,0.0,2.6204377868786275,5.574635553862173e-05,1.0312108603618693,0.0,2.314278386115374,0.00017307725730830725,0.3061594007632533
4,52,13,1.0109136794169216,0.0,2.2777281764771096,2.060806897130618e-06,0.9837924820019309,0.21944737420624105,2.33967461665078,3.3669866332797227e-06,0.061946440173670236
5,52,13,1.009967532772305,0.0,2.233150104395435,1.3053285119468683e-09,0.9276385647710247,0.28356446119088907,3.1229952576161244,0.8261374116831954,0.8898451532206892
