model,description,n_obs,n_indicators,CFI,RMSEA,Chi2,df,AIC,BIC,beta,SE,p_value,significant
exp_optimal_v1,Optimized 2x2 (Duration_log + CV),27,4,1.5266634057249258,0.0,0.3112346599057698,1,17.97694558074772,29.639477374786683,-0.6437973482168033,0.6949492582438369,0.35424086857468495,False
baseline_6ind,Baseline 6-indicator model,27,6,-1.077590557050487,1.4701742947388168,457.5737910374416,8,-7.8943548916623385,8.95152436639394,-46.91781402815371,21.781610506861348,0.031239361853606207,True
minimal_no_transform,Minimal 2x2 (raw Duration),27,4,0.5054900186203206,0.25458342236974685,2.685130692582816,1,17.801101430179052,29.463633224218015,-62.09113353759713,70.90192645564417,0.3811753790896426,False
no_timeliness,No Timeliness indicator,27,5,0.664947169135917,0.5980772922459728,41.20043054002858,4,18.948116256294178,33.2023217823418,-41.024783784579746,28.343098659275086,0.14777522012342592,False
log_duration_only,Log Duration only (3x3),27,6,-0.16290364529294488,1.2884022026303543,353.2758890344917,8,-0.16858437292530937,16.67729488513097,-0.9740699750688507,0.2518199216574779,0.0001096771552691056,True
single_factor,Single factor (discriminant validity),27,4,2.2913139642476685,0.0,0.3112320087452387,2,15.976945777129982,26.343640705164617,,,,False
capacity_3ind,3 capacity indicators + 2 outcome,27,5,0.10836360261191369,2.0169542641700113,427.08286839037356,4,-9.635768028916562,4.618437497131058,-0.6470244384554161,0.6958991311739342,0.35249144495147444,False
