model,description,n_obs,n_indicators,CFI,RMSEA,Chi2,df,AIC,BIC,beta,SE,p_value,significant
exp_optimal_v1,Optimized 2x2 (Duration_log + CV),65,4,1.0089862369056335,0.0,0.19194016782845935,1,17.9940941486822,37.563579577742935,2.297240084417603,0.403076518887737,1.2032473462042503e-08,True
baseline_6ind,Baseline 6-indicator model,65,6,0.7809856482455446,0.41019206564677607,94.14785572841936,8,23.103142900664018,51.370177409307296,98.05135051976677,14.329943651400558,7.787104294720848e-12,True
minimal_no_transform,Minimal 2x2 (raw Duration),65,4,0.6347625163709321,0.6806439341292043,30.64967456428036,1,17.056933090329835,36.62641851939057,98.77934396104504,27.88397636310371,0.00039633414578643666,True
no_timeliness,No Timeliness indicator,65,5,0.7345178048559627,0.5382789209435503,78.17451436343114,4,19.59463032727904,43.51289029613105,94.27873160980539,15.91625828810652,3.153082683837738e-09,True
log_duration_only,Log Duration only (3x3),65,6,0.773245849525698,0.5016137526056188,136.82757468318258,8,21.789920778978995,50.05695528762227,1.8294959766849594,0.19903451914789821,0.0,True
single_factor,Single factor (discriminant validity),65,4,1.0144523824572813,0.0,0.7004137699075796,2,15.978448807079767,33.37354696624486,,,,False
capacity_3ind,3 capacity indicators + 2 outcome,65,5,0.9637210634281081,0.15319052484102,10.007638246673194,4,21.692072669333132,45.61033263818514,2.831266549863599,0.32256844468262214,0.0,True
